part_id,sequence,group
site_0001,TAAACCTATTTGAAGG,TF_A
site_0002,TGAATGAAGCGCTTAAACA,TF_A
site_0003,TGGTATCGATACGTA,TF_A
site_0004,TATTCTTTCCAATCCT,TF_A
site_0005,GTTACTTATTAGGTTCTC,TF_A
site_0006,TTGCAGTAATTAACCGAC,TF_A
site_0007,TTATGTGGACGTTGTATAG,TF_A
site_0008,TAACCGATACATACTGGTTT,TF_A
site_0009,GATATACTCATGGTAG,TF_A
site_0010,TGTAACGCATAATCGAAGAG,TF_A
site_0011,AGCATGTACAAGTAACCT,TF_A
site_0012,TATTAAGCACGGTGTTAA,TF_A
site_0013,CTTCTGTTTAGTGGGCTAAA,TF_A
site_0014,GAACCAAGTTTTTGCAGTAG,TF_A
site_0015,TATTGGAGAGTTAAGG,TF_A
site_0016,ATTATCGTCATAGAC,TF_A
site_0017,CTAGCGAACTTAATAC,TF_A
site_0018,TATGGTCTGTAACTTTTCG,TF_A
site_0019,CCGTACTATATCTTATGAT,TF_A
site_0020,ACAATGAAATAGTCCTG,TF_A
site_0021,TTTACGACTCCAAGTTTC,TF_A
site_0022,TGCGCAATACCAAATA,TF_A
site_0023,GGACACTTTAAAGAGTAG,TF_A
site_0024,ATCTGATTCGCGCTTATTTT,TF_A
site_0025,TCCTTACTTTACCGAA,TF_A
site_0026,CCGTAGATCCTTTTTTT,TF_A
site_0027,GCTTCGTTTAATGGTT,TF_A
site_0028,AAATAACTTATCCGCGAGGA,TF_A
site_0029,CATGCTAAACTACCTAA,TF_A
site_0030,TTGCTAAAAGCAATGT,TF_A
site_0031,ACAAACATGTCCATC,TF_A
site_0032,ACTGTAACTAATCCG,TF_A
site_0033,GAGAAACTCAGAATACTT,TF_A
site_0034,ACAAGTCATTTCTGATACA,TF_A
site_0035,CTACTTTTTTAACGAG,TF_A
site_0036,AAAAATTTAGTCCAGTAGC,TF_A
site_0037,CAAAATCAAAGCTGGTA,TF_A
site_0038,TTCTGACTTATTAAGGAC,TF_A
site_0039,TTAAAGCTGGACTGT,TF_A
site_0040,CTACATGAAAACGAC,TF_A
site_0041,TAACTTAAGCGAATTG,TF_A
site_0042,AATTGAGCAACTATAG,TF_A
site_0043,GTCTAGATAAGGTTACATAG,TF_A
site_0044,CATAATAATTCTGGG,TF_A
site_0045,CCATATGATCGTAATGTAA,TF_A
site_0046,ATCGAGAAGAGACTTGTTT,TF_A
site_0047,ACTTTCTTTTGCCTAT,TF_A
site_0048,CGTGAATGATACGTAACTAG,TF_A
site_0049,GAACTTTGTCTTTGCTAGTT,TF_A
site_0050,ATAATGCGGCAAAAC,TF_A
site_0051,TCATGAAAAGTATCAATGC,TF_A
site_0052,GTATTTTACATTAGGGTAAG,TF_A
site_0053,TCAAATCACTGTGAC,TF_A
site_0054,TAATGAGTGCAGAGAAT,TF_A
site_0055,TGAAGGTTATGTGACTAAT,TF_A
site_0056,ATATCTGAGTCTGTG,TF_A
site_0057,GTATGTGTCTGTCAT,TF_A
site_0058,GCATATTAACTTACAGCGCT,TF_A
site_0059,CTTGGTGTTTGCTAA,TF_A
site_0060,TTCCAAAATACTGCGAA,TF_A
site_0061,GCTTCGTTATTTCATG,TF_A
site_0062,CATAAAGGATGATCCAA,TF_A
site_0063,GATTTGTACGAGTGT,TF_A
site_0064,TTGAGATGCCAGGAATAT,TF_A
site_0065,GCAATTAAAAACACGCGTT,TF_A
site_0066,TCAGCGTACTTAAATCTCTA,TF_A
site_0067,TTGTTTTTCCCTTCACT,TF_A
site_0068,TAGTATAGTCTAGTGA,TF_A
site_0069,TTATATCAGACCGTTAC,TF_A
site_0070,AATAGTGTCAATGCTACAGG,TF_A
site_0071,TTGATTGACAGTTGATC,TF_A
site_0072,ATTTTAGATGCAAAACCGG,TF_A
site_0073,TTTAAGTGGTCTCCTTTCA,TF_A
site_0074,ATAATTGTCTAAGACG,TF_A
site_0075,TTTAACTCTGCCAACGATCA,TF_A
site_0076,AGCTGCCACTAATGTAAATC,TF_A
site_0077,TATTAGCCGTTGTGTT,TF_A
site_0078,TTAGTTATGCCACTAG,TF_A
site_0079,GTCTCAACTTGCTAT,TF_A
site_0080,TGTGAAAAATCATGACTTTG,TF_A
site_0081,CAGACTATTAACACCATGA,TF_A
site_0082,TAGATGGGAAGCTGAATT,TF_A
site_0083,CCTGATTTCGTTCAA,TF_A
site_0084,CTTACAATTAAAACCAGC,TF_A
site_0085,TTTCTATCACGACAGTCA,TF_A
site_0086,ATGAAATCACGCACAATCCT,TF_A
site_0087,ATTAGTAATCGTCAGA,TF_A
site_0088,ATGCTAAGAATATGGGGTAG,TF_A
site_0089,ATGTTAGAACAACAGTCC,TF_A
site_0090,AGTCCTTGATGGAAT,TF_A
site_0091,AGTATCTAAAGCCCAA,TF_A
site_0092,TAATACGCGCGATCTATT,TF_A
site_0093,AAGAGAGTGAAACCT,TF_A
site_0094,ATTAAGTTCCGTATCACC,TF_A
site_0095,TAAACCAATTGCCACTTAA,TF_A
site_0096,TCCTGGCATTTAACGAATCA,TF_A
site_0097,TATCGAAATCGTTGC,TF_A
site_0098,GGTGAAGTTATTTAC,TF_A
site_0099,TGTACATACACTTGC,TF_A
site_0100,GTTCTGAATTTGACGA,TF_A
site_0101,AAATTACGGACCAGA,TF_A
site_0102,TCGAAATAACATCGGTAG,TF_A
site_0103,TAGCTTGCGTTAATATCACA,TF_A
site_0104,CTAATTCTCTTAGATG,TF_A
site_0105,TTAGGAATTTCTAAGACCCA,TF_A
site_0106,AATAGAGCAGGCGATTAA,TF_A
site_0107,CTCGGTTAGTCCTATAGATA,TF_A
site_0108,GCTTATTTAGTGATGT,TF_A
site_0109,GGACTTACAGGCTTATGAAT,TF_A
site_0110,CATTTTCACCATAGCCTA,TF_A
site_0111,CTCCTAGCCTAAATTTAT,TF_A
site_0112,AACCGTTATTCGTAAAG,TF_A
site_0113,AACATCATGTTCGACGTTA,TF_A
site_0114,CCGACTATATCTATTTC,TF_A
site_0115,GATAATTTAGGGATGCAT,TF_A
site_0116,AGATACTATCCAAGC,TF_A
site_0117,TAATTTTCAGTTGCG,TF_A
site_0118,TGATCAGGATGATTCT,TF_A
site_0119,AACGTTAGTTATTACCAGA,TF_A
site_0120,CGCTGATTTTACATA,TF_A
site_0121,TAGAATTTTTCGCAGGCTGT,TF_A
site_0122,GCATTCTCGCTTTTTTTT,TF_A
site_0123,CTCCTGTCCTGAAAAAAAGA,TF_A
site_0124,TATCTGCACTAACTTT,TF_A
site_0125,AAGACTGAAACCACA,TF_A
site_0126,AATCCAATGCTCTCTGATCA,TF_A
site_0127,CAGTTTGTTTTCCTTA,TF_A
site_0128,GAATAGTCTTCTGAGT,TF_A
site_0129,GATGATTATTCACTCAG,TF_A
site_0130,GTATAACACCTAGAG,TF_A
site_0131,AAAAAGAGTTCAAGC,TF_A
site_0132,ACTGGATACCATTAA,TF_A
site_0133,AACATTGCTAGGTCTAA,TF_A
site_0134,TCTAACCCATTGTAGATTAG,TF_A
site_0135,TACCTGCGTATAGTA,TF_A
site_0136,GTTCCTTCCGTATATA,TF_A
site_0137,TTTCTTAGCTTGGAT,TF_A
site_0138,CTCACCAATCAGTTTTTG,TF_A
site_0139,TGCAACAGTACTCTAA,TF_A
site_0140,TAGATTTCTTAGGAGCTTT,TF_A
site_0141,AAAACCTTAGGAGCA,TF_A
site_0142,CACTCTATAAGTAGA,TF_A
site_0143,AGGACAAAATATGTAGCC,TF_A
site_0144,AAAGCAACTATGAAC,TF_A
site_0145,TTATTAAAAGCTGGAGG,TF_A
site_0146,TCCTTGACCAAGAAT,TF_A
site_0147,AATTAACCACTCCTG,TF_A
site_0148,AGTACACTGTTGGAT,TF_A
site_0149,GAGCTAGAGCTTTTA,TF_A
site_0150,AACTAACACGTTAATCTAG,TF_A
site_0151,AAAGTAAGAGGCATGCTTT,TF_A
site_0152,TGTCATCTTCCGAATTTA,TF_A
site_0153,GTATATACCAACATAC,TF_A
site_0154,TTCTCCACGTAGCTATTTAT,TF_A
site_0155,AAGGTTATAGCCTTTTCCAT,TF_A
site_0156,TAATTTTCTTCCGCTAG,TF_A
site_0157,TGAAGCAGAAGCTTATAC,TF_A
site_0158,CAGCATTCATACTATCAT,TF_A
site_0159,GCTGCACATTACTAA,TF_A
site_0160,TACCACCATTTCAAAA,TF_A
site_0161,TGACATATTATCCCGA,TF_A
site_0162,TGTTTCAGACCTAAAG,TF_A
site_0163,TATTGATTACCTGATTGCC,TF_A
site_0164,TCAATACAGAACGTC,TF_A
site_0165,TGTACAAGATTGTACCTAG,TF_A
site_0166,CATCGTTCTATAAAGACAC,TF_A
site_0167,AAACCATGCTAGAATATACT,TF_A
site_0168,GATAAACGAAGGTAAA,TF_A
site_0169,TTTTCCACGTAGTCT,TF_A
site_0170,AACGATGATGTAAGCTT,TF_A
site_0171,CGCTTCTTACTATTAGAGT,TF_A
site_0172,GTATTACCAACTGTCT,TF_A
site_0173,GATAAGAAAGACTAAGCT,TF_A
site_0174,AGCTACCAATATGAA,TF_A
site_0175,AACAAATTAACGGTTACCAT,TF_A
site_0176,GGCGGCAGTAAATTAATTA,TF_A
site_0177,ATTTTCGGACCGAAT,TF_A
site_0178,GAAAAATAGCATGCACA,TF_A
site_0179,GATAGATAATCGGAG,TF_A
site_0180,TGTCAAGCTTTGTAC,TF_A
site_0181,AACATATGTACCAAGC,TF_A
site_0182,GATTCCACATTAAGTGTTTA,TF_A
site_0183,TAGGGCATTCTCAAAA,TF_A
site_0184,TAATCCATGCCTTTCTT,TF_A
site_0185,GTCCTAAGAAGCTAAGGAAA,TF_A
site_0186,CCTAAATACTAGCCA,TF_A
site_0187,TACACGACCTTTTTATCAC,TF_A
site_0188,AGTTGGTGTAAACTTTG,TF_A
site_0189,TTTGTTGATCTGTAGGA,TF_A
site_0190,TTTAAGCGTACATTGA,TF_A
site_0191,CCGTTTAATTGATTC,TF_A
site_0192,AAGGATGGCAATCTT,TF_A
site_0193,TCTGACCAAACTTTACAA,TF_A
site_0194,CCTTAGATCTTACTGAAACC,TF_A
site_0195,CCCCACGCTATGATTTTAAT,TF_A
site_0196,TTAATGTGGGTGACGATT,TF_A
site_0197,AACAGTTAGCAGTGA,TF_A
site_0198,GCTGTTATAATCTAAACTG,TF_A
site_0199,AACTAGGAACATTAGGCT,TF_A
site_0200,ACTTTAGCGCATGGATAA,TF_A
site_0201,TCATACTTCACAAGCTTCAG,TF_A
site_0202,TAAGTTGAAATCCGAA,TF_A
site_0203,CTACATCCAACTATATTC,TF_A
site_0204,AAGGGTATACATATGG,TF_A
site_0205,CAAAGACTTGTGTTT,TF_A
site_0206,CTTAAGGTGACTAAAT,TF_A
site_0207,GACCAAAATCGTTCAAA,TF_A
site_0208,GTTAAACCCTAAACC,TF_A
site_0209,TTTGTCCGATTTGGTTACA,TF_A
site_0210,TAGTACTCATAACCACATAA,TF_A
site_0211,ATCCCTGTTACTGCATTAA,TF_A
site_0212,AAAGAAGTTGCTTAGTC,TF_A
site_0213,ATCATAGTGTCTACA,TF_A
site_0214,TCTCGATTTGCATTCCTA,TF_A
site_0215,CTCCACCCTAAATGTTAT,TF_A
site_0216,ACCCACTAAGCTGTAATA,TF_A
site_0217,TTACATCTAGAAGCC,TF_A
site_0218,TGGATATGATTGTACAAAC,TF_A
site_0219,ATACTTAGTGTATATTCTGC,TF_A
site_0220,TTTGTTATCGGCAGTA,TF_A
site_0221,ATGCGAACTAGTAGTT,TF_A
site_0222,AGCTGGCTATTATGTGTTCT,TF_A
site_0223,CCATTTCATTACCCTTTG,TF_A
site_0224,AGGAGCCATAGTATTATT,TF_A
site_0225,AATGCAGACTAATACTGATA,TF_A
site_0226,CAATGCATTTATGTCGAG,TF_A
site_0227,TCCGAATTGAATAGATCCGA,TF_A
site_0228,ACTAGACGTTACTTAG,TF_A
site_0229,TCATTCTAGACATGA,TF_A
site_0230,TCGTATAGTCTTACC,TF_A
site_0231,AGGAAGCAATCATTAGT,TF_A
site_0232,TGGCAGTAGTAATTG,TF_A
site_0233,TTCCATATTGTATACGAC,TF_A
site_0234,CGTTTACCCTTAGGATATAC,TF_A
site_0235,AACTATTCAATGGGT,TF_A
site_0236,TGACCCTTACGTAAT,TF_A
site_0237,TGGATTTGGCAATCTAGA,TF_A
site_0238,CCTACAAGAACTACA,TF_A
site_0239,TATTAAATCCTCCTCCGTGT,TF_A
site_0240,AATAGACGGTTAGCTT,TF_A
site_0241,TTATTTTAACGTCGCACC,TF_A
site_0242,CGAACTTCTTGAATTA,TF_A
site_0243,TTACAGAAATCAGCAGAA,TF_A
site_0244,ATAGCAATCTAACATCTCT,TF_A
site_0245,TCAAGTTACTGCACA,TF_A
site_0246,CGACTGAACTTGTATTAT,TF_A
site_0247,CAAGAATAGAAAGCACTT,TF_A
site_0248,CTACTTGTTGTCACAAT,TF_A
site_0249,TCGTGAGTATAAAGGACA,TF_A
site_0250,ATTAGGCTATAATGTTCCT,TF_A
site_0251,GTAATGCTTACTAGACG,TF_B
site_0252,TTCATCATGCCCAGATTCA,TF_B
site_0253,GACCATAAACCCGCTTA,TF_B
site_0254,AAAACGTATCCGTGTAGGG,TF_B
site_0255,TGAGCTTACACAGTATAACC,TF_B
site_0256,CCTGATCTTGAGCCAAAG,TF_B
site_0257,AGTCGATCTGTGACA,TF_B
site_0258,GACCCGTTAGGTTCGAGATA,TF_B
site_0259,TATCTCCTCAAACCAAGG,TF_B
site_0260,AAAGGTATGAACAGG,TF_B
site_0261,AAGGTTTCACACGCCTCTT,TF_B
site_0262,TCATCCTTTTAAGCGCTTC,TF_B
site_0263,AGCATAGGTCTAAGT,TF_B
site_0264,CGAAACATAAGTAGAAGGCC,TF_B
site_0265,CTTTACTTCAACCTAGG,TF_B
site_0266,GTAGCAAAGCCATTCTGC,TF_B
site_0267,TTTCCTCTGAATCTTCCCT,TF_B
site_0268,TTACTTATGCCATGCGAC,TF_B
site_0269,GTTTCTGTTGACGAGAA,TF_B
site_0270,CAAACGAATATGCATGCCC,TF_B
site_0271,CTCAATCAATCACGCT,TF_B
site_0272,TCGTGCTGAGTAGGTGTTGA,TF_B
site_0273,CGTCTTCTTGGCCATTGTA,TF_B
site_0274,TATCTCATTCCTGTACAGTG,TF_B
site_0275,ACGATTAGGAGCCTTC,TF_B
site_0276,GCACGCTGCAACTTAAGATC,TF_B
site_0277,ATCTGATCCATCAATCCCAC,TF_B
site_0278,CGTTTACAGACGTTG,TF_B
site_0279,ACCTAAACCTCAAGACC,TF_B
site_0280,GCAGAATATATCGGA,TF_B
site_0281,CTTTCAGGTCTACTG,TF_B
site_0282,GAATTAGCAGCGCAT,TF_B
site_0283,TATGTGTGTAGCCATAAGTG,TF_B
site_0284,TCACATTGATGGTCGAC,TF_B
site_0285,TGAATAGTGAGAGTGCAC,TF_B
site_0286,CACCTTTTTCCGCCTA,TF_B
site_0287,ACTTGGCGATTGAGTACAAG,TF_B
site_0288,CTATCGGCAAAACTTGACA,TF_B
site_0289,GCTTGTTACTGTCACTC,TF_B
site_0290,TGCGAAGTCCAAAAGATGT,TF_B
site_0291,AGGTCTCCAGAGACATT,TF_B
site_0292,AAATGGGGTTTCGGGACA,TF_B
site_0293,TTCACGTAAAGCCGTCCTAC,TF_B
site_0294,CAGACTATAGACCGATG,TF_B
site_0295,GTCCTTTGTCACTATCC,TF_B
site_0296,AAACTAGTGTAACACGAGG,TF_B
site_0297,TGAAGTCTTGAATTGGCGT,TF_B
site_0298,GAGTGATTTCAACGCAA,TF_B
site_0299,GTAAAGACCGAAGCTCGTT,TF_B
site_0300,TAGGGGTAGCCTATTGTCTC,TF_B
site_0301,GACTCCCGTAGATAGTTAG,TF_B
site_0302,TTCGAGGGACTGGTAATACT,TF_B
site_0303,TATATCCCGACCGACAAGCA,TF_B
site_0304,TGCTGCTTCGTTTAGACAA,TF_B
site_0305,TCAGCACACTTGAGTAGT,TF_B
site_0306,CTGGTGTTGAATAGCA,TF_B
site_0307,GATACGCGATAAAGACTC,TF_B
site_0308,CCCAGGTACGTATTA,TF_B
site_0309,ACAGTTAGACGTAGATGC,TF_B
site_0310,GCCTTGATTTTTAATGCGGT,TF_B
site_0311,GTCAAGTAGGCTATGGTTA,TF_B
site_0312,AATTTGTGGGTGTCT,TF_B
site_0313,CTCGGGACAGTGTATT,TF_B
site_0314,TCTAAATCGACTCCATCG,TF_B
site_0315,TTGCGGATTTTACACC,TF_B
site_0316,AGCGGTCATTGGATACCCAT,TF_B
site_0317,AGAACTGGACACCAA,TF_B
site_0318,TGGGGATGTCAAGTTCTGAA,TF_B
site_0319,TCCCTATAAGGTCCCTTAG,TF_B
site_0320,TAGCATGTGAGCGTCT,TF_B
site_0321,TCGACACGTTCTTTCG,TF_B
site_0322,AGAAGCTCAATCCTGAGTG,TF_B
site_0323,AGATACCCGAATAGGGT,TF_B
site_0324,GCATAACGAGCGGATA,TF_B
site_0325,TGGTATTCCCGTCATAT,TF_B
site_0326,AGTCGCAATTAGAGCA,TF_B
site_0327,AGTCCTCGTGATCACATTGA,TF_B
site_0328,GGGCTTAGTTGATTTTGAGT,TF_B
site_0329,ATGGTAGGTCGCAAT,TF_B
site_0330,TTTACTAGGTCAACG,TF_B
site_0331,TGATTGGTTCTCGAT,TF_B
site_0332,AACCCTGGTATCTAGCTT,TF_B
site_0333,GTAAACGTCGTTCGA,TF_B
site_0334,CGAGACAAAAGAGAC,TF_B
site_0335,GTGTTGTGGATACTA,TF_B
site_0336,GCTTGCTATTCATCG,TF_B
site_0337,ACACAACCGTATTCCCAAGG,TF_B
site_0338,ATTCTGGTACCACCATCAT,TF_B
site_0339,ATTACACCTGATCTCGA,TF_B
site_0340,CCATGAAGTTAGGGATC,TF_B
site_0341,GGACGTGAAATCTTACTCG,TF_B
site_0342,TTAACGGCCCAAAGTCAC,TF_B
site_0343,TGACGGGAAAGAAAGG,TF_B
site_0344,GCGCTGCATCAATTCATTTT,TF_B
site_0345,GACCAGGGGAATATTGTAAG,TF_B
site_0346,GAAGATTGCTCACGAAG,TF_B
site_0347,GGTTGTTAACTCAGG,TF_B
site_0348,TCTGGAATAGTAAGCCAC,TF_B
site_0349,ACTCTAGTACCTGCGTAGCT,TF_B
site_0350,CAAATCTGGGGTGGGAAT,TF_B
site_0351,ATTGGTCTGTATTGCGATCA,TF_B
site_0352,ATTTACGAATCTCCCCGG,TF_B
site_0353,GACGGGGTACAATATGAC,TF_B
site_0354,GGGGTTACACACTATGAT,TF_B
site_0355,GACTCGTATTTGCCCTTCA,TF_B
site_0356,TAACCTTCTACCCATGG,TF_B
site_0357,TCATCACCCACTCAAGCA,TF_B
site_0358,TCCATCCCAACTAGGTTG,TF_B
site_0359,GCTACCTATGATAAGC,TF_B
site_0360,GCCTGTTTCGTAAGA,TF_B
site_0361,ATCCGGCGCTAAAAAGA,TF_B
site_0362,GGTGTAGCCTATGTCAGT,TF_B
site_0363,TCTGAGGCCTTTTTT,TF_B
site_0364,GTAAGTTCCCATATGGAGCA,TF_B
site_0365,CCCACTTTGCTTTCT,TF_B
site_0366,GCTCTTACCATTCGTAATC,TF_B
site_0367,GGTTAATCCGGGCTGATTA,TF_B
site_0368,GCAACACCAACTATCCCGTA,TF_B
site_0369,AAAAGCCTGCGTTACTT,TF_B
site_0370,ATCATGAACAGGTGGG,TF_B
site_0371,TACTCGCAACACACACAAG,TF_B
site_0372,TTGATTGCGTCCATCATAC,TF_B
site_0373,GTTGATCTACATCATGGC,TF_B
site_0374,TTTAAGGGAAAGGAGTCAG,TF_B
site_0375,GGGGGTTAACAAATCCTCCT,TF_B
site_0376,TGCATCTCGAGTACGAATG,TF_B
site_0377,AACTGACGGGCTTAA,TF_B
site_0378,TGCAAATATCGGTGGC,TF_B
site_0379,CCTCTGTTACACTGTGTTA,TF_B
site_0380,TGTTAATACGCCGACAACCT,TF_B
site_0381,TTGGACATGTTGAACGGC,TF_B
site_0382,AATGATCGATGCCGTT,TF_B
site_0383,ACGGTACGTAGTCTAGATTT,TF_B
site_0384,GTGTGCATATCAACAAC,TF_B
site_0385,CTGGGATTAACTATGGAAG,TF_B
site_0386,GCACAGTACTAAACGGTGT,TF_B
site_0387,TTAACGGAACGTCAAAACG,TF_B
site_0388,AGGTAATAGACGTGG,TF_B
site_0389,GATAGATCTGGTTCGAT,TF_B
site_0390,AATGTCTTGACAGTCCAC,TF_B
site_0391,CGCTTCGACAATCCACTAA,TF_B
site_0392,GGGCCTCAGTTTTTTA,TF_B
site_0393,CAATGAGGCAAATAGGGC,TF_B
site_0394,AGGTCATTTAGGCACC,TF_B
site_0395,GGTCCTTAAAGGATTCCTAT,TF_B
site_0396,GTTAAGTCGTTGCCTGGTA,TF_B
site_0397,TCCTTTTGTGGTTTGG,TF_B
site_0398,CCACTTGAGATCTCAGAG,TF_B
site_0399,GTTGTGTTACCCTCTG,TF_B
site_0400,TGGTCGAGCTACTATTG,TF_B
site_0401,TATAACCCTACACCTTGG,TF_B
site_0402,AGAAGCCACATCAGAA,TF_B
site_0403,TAGGACAATGGGTTAGAGGA,TF_B
site_0404,ACCTCGCTTAATAGGGGGTT,TF_B
site_0405,TGATGACCTCTTGCAGGA,TF_B
site_0406,GTGCATCCTTACATAGA,TF_B
site_0407,TATTTTCGCACGACGCT,TF_B
site_0408,TGCCGACTATGTTTAACC,TF_B
site_0409,TTGGTCAGGGTGTTGTTAA,TF_B
site_0410,TTGACATAACCATTGGCTAG,TF_B
site_0411,CCAGCACTGCACTTTGTA,TF_B
site_0412,GTGGAACAGAAGGAGAAC,TF_B
site_0413,CGCCCTATGTATTTG,TF_B
site_0414,GATCCAAAGGATCCA,TF_B
site_0415,TTGAGTCATGTCCTACTACT,TF_B
site_0416,ATTCGGTACCAGACGTCT,TF_B
site_0417,CGAATGATTGTTCGACA,TF_B
site_0418,CAAGTGACTCAGACTGT,TF_B
site_0419,AAGCTTGCGGCAAAA,TF_B
site_0420,GACACCGATGTATAG,TF_B
site_0421,AATGACAGGTTTGGACTCAC,TF_B
site_0422,TTGATGGAGCCAAAACAGCC,TF_B
site_0423,TATAGCCGTCAGCAATCA,TF_B
site_0424,CGCGTAGATATTGAGGTCGT,TF_B
site_0425,CCAGAGGATCGAAAT,TF_B
site_0426,GCTTTACCCACATACG,TF_B
site_0427,ATCCATGGAACAACT,TF_B
site_0428,GAAACACGAGAATACGT,TF_B
site_0429,TGCCGGCAATGAAAGTAAAG,TF_B
site_0430,TATCGAATTGACAGTGGCAG,TF_B
site_0431,GGGATTTTCCAAATCAGAGT,TF_B
site_0432,TGACAGCATTCGTCGTAGA,TF_B
site_0433,TGATAACGCTGCCGTT,TF_B
site_0434,AGCTCGACCAAGGAAAA,TF_B
site_0435,CATATACTCAAGCCAGGCTT,TF_B
site_0436,AATATCTGTCTGGCTTC,TF_B
site_0437,GGTAACAAGATCGGGCTAA,TF_B
site_0438,ACCGTATCTCGATGCATA,TF_B
site_0439,CGACCCTCTTATTGAG,TF_B
site_0440,GTGGAACTCAAAGAC,TF_B
site_0441,ACATCAGATCCTTCAC,TF_B
site_0442,TCGAGGACTGACTAAATCC,TF_B
site_0443,ACGACAATTTGTGGGAG,TF_B
site_0444,AGGAGTCCTTGTCTCTGAA,TF_B
site_0445,CTGATCTGCTTAACGCATGG,TF_B
site_0446,CGCTAGTAGATCTGATGTCT,TF_B
site_0447,GAGCCGCGTTAAAGTCTA,TF_B
site_0448,CACGACTGCCGTGTTATATA,TF_B
site_0449,TGTAGCCTAAGATGG,TF_B
site_0450,TTACGTGAGCTGCAGAT,TF_B
site_0451,CAGGGGTTTAGGATTT,TF_B
site_0452,GGTCAATGGTTTTTG,TF_B
site_0453,TTTGTTAGCAGCTGGGCA,TF_B
site_0454,CTCTGAATTCGTTCACCA,TF_B
site_0455,TCGTAAATCGTGTTC,TF_B
site_0456,GCAAATTACCGCCTT,TF_B
site_0457,ACTTTAGCCCGCTACAGA,TF_B
site_0458,AACTGCGGTAGCAATCCA,TF_B
site_0459,CAATCCTTCGCTATGT,TF_B
site_0460,ACCGCAAAAATCCGT,TF_B
site_0461,TTAGAGCTGCACTAACTC,TF_B
site_0462,GATTGCATCGTTTAATCGG,TF_B
site_0463,TAATTCTTCGGGACGATGT,TF_B
site_0464,ACCTTCAACCAATCAGCAA,TF_B
site_0465,AATGAGGACGTCCAGT,TF_B
site_0466,AGACTCTCCACATAG,TF_B
site_0467,GCGATTTTGCAAAGAGGCGT,TF_B
site_0468,ATCGGTTATGACAAAGCTCC,TF_B
site_0469,GTTAATGCCTCGTGCCTTGA,TF_B
site_0470,ACGGATAAGAGACGCT,TF_B
site_0471,GAGCATCCGTAATTC,TF_B
site_0472,CCTGCCAGAATATACCCA,TF_B
site_0473,GGGAGCTTACACACTACAA,TF_B
site_0474,CTTTTTTTCTGTTGGGGGA,TF_B
site_0475,TACGATCATGGTGCT,TF_B
site_0476,GCCCTTGAGATTAGGTA,TF_B
site_0477,GGTTATTGACTCTGTAGGGA,TF_B
site_0478,AGCTCCGATGCCAACTGTAA,TF_B
site_0479,TCAATCTAGGCTATCCCA,TF_B
site_0480,CGTTCGTTGTGCGAAGAA,TF_B
site_0481,TACTTTTCTGTCACCTGG,TF_B
site_0482,GGCTGTTAGACAGTTATACT,TF_B
site_0483,ACTATGTTGCCCTAGGA,TF_B
site_0484,AAGGTTCCCGCTAAGACTAT,TF_B
site_0485,TTTTCTCACTCGGCTGTTA,TF_B
site_0486,AAGTGTGCTTTAGGTTCC,TF_B
site_0487,TGAGGTTCAGTAACG,TF_B
site_0488,ACCTTCGGTAAGAGAA,TF_B
site_0489,GTGCTCAGACAGTTACCACA,TF_B
site_0490,TACTTCCATAGGAGACCAAT,TF_B
site_0491,GCCACTATTTTACGT,TF_B
site_0492,TGGCGCTAAGAAAGTTC,TF_B
site_0493,TTACCACGTCGTTCTCA,TF_B
site_0494,CCAGTAATCTCACCTGAG,TF_B
site_0495,TGAATCGCACAAATTCTTCC,TF_B
site_0496,ATCGGAATTTGGTCCATGA,TF_B
site_0497,CAGATTTAGGCCCATA,TF_B
site_0498,TCCTTAGTGACAAAC,TF_B
site_0499,CTTGACATCTTATGCGA,TF_B
site_0500,CGAGTCTAAAGATGTGCATC,TF_B
site_0501,GCTCGGTCGATCTTGGTGTC,TF_C
site_0502,AGACAGTCCACTTTGGGG,TF_C
site_0503,TGGACCGTCGTCTCGTAAT,TF_C
site_0504,CGGAGATTGACTGGCACTCG,TF_C
site_0505,TGCCCCGTAAAAGACTAGAG,TF_C
site_0506,ACGCTCATGGGACTACACC,TF_C
site_0507,CGTTGACTACGGTGGTAA,TF_C
site_0508,ACGCTCTAATTTGCCGC,TF_C
site_0509,GACAGCAAGGTACTCCTT,TF_C
site_0510,GGGCAAGTCCGAAGTCTTT,TF_C
site_0511,GCTTATCGAGTGGAG,TF_C
site_0512,ATACGCGTTCACCGCT,TF_C
site_0513,ACCCACCTCTGTACA,TF_C
site_0514,CCGCTTAGCGTGTCTGTGT,TF_C
site_0515,CTTTCTGTGCCCGTTGTCC,TF_C
site_0516,TGGGTACAGGGTATCGCGT,TF_C
site_0517,TGGTCCCAAAGAGGGATCT,TF_C
site_0518,ATGCCGCGTGATCCAT,TF_C
site_0519,AATCCCTGCTCGGTCAGGAG,TF_C
site_0520,GCAGCTGTCTCGATAGACAT,TF_C
site_0521,TCCTTGTATTTGGGTCGG,TF_C
site_0522,AGTTCGAGACGAAGG,TF_C
site_0523,TCCGTGGTCAACGAAGAGA,TF_C
site_0524,GTGAAAGGGACCTATATGGC,TF_C
site_0525,TGACTCCTGTCCGGGAT,TF_C
site_0526,CCGAGCGGTTCAAAG,TF_C
site_0527,CCGTGTGGAATATCCAGT,TF_C
site_0528,GAGTAGCATCTACTCCGA,TF_C
site_0529,CCTACCTTCTCCCTCTTTTG,TF_C
site_0530,GAGTTTGCGGCACTTGTC,TF_C
site_0531,AGCGACCCCAGAAATTGAC,TF_C
site_0532,TCAACGCAAGGCTAGT,TF_C
site_0533,GGTAATCGTCTTCTGGG,TF_C
site_0534,GCATCCTACATGCTTC,TF_C
site_0535,GAGAGAAAAGTTCGCTCG,TF_C
site_0536,AAAGCGACGGGGTTCAC,TF_C
site_0537,ATCGAATGCGCGAAGTGGTT,TF_C
site_0538,GCCCATGCAATGTACG,TF_C
site_0539,GCAGGAGTCAGTCTTATCCG,TF_C
site_0540,CTGCTCTGTCCATACCAC,TF_C
site_0541,ACATGGCACTGTCAACC,TF_C
site_0542,CCGAAACCGACGTTCGTGCT,TF_C
site_0543,ACGGAATGGGTGTATGGC,TF_C
site_0544,CCCATTTACGGTATGGGTTG,TF_C
site_0545,AGGGAAGTGGTCCGTATCT,TF_C
site_0546,GTTTCCGGCAGAGCATCTTC,TF_C
site_0547,GACCTGCCTCGGAAAT,TF_C
site_0548,ACGCCTACTGTAGTC,TF_C
site_0549,CCGAATACTGGTTACGAGC,TF_C
site_0550,TGAGCCGTGATGTATGG,TF_C
site_0551,ACTTTGAGGGAGGCGCTT,TF_C
site_0552,GAACAGGGTTAACCGTCA,TF_C
site_0553,CAAGAAGTGGTCAGC,TF_C
site_0554,CCCTTCTGTCTCACGCCAT,TF_C
site_0555,GGTAGAGAGTCATTTCCACC,TF_C
site_0556,GCCCCCATACGACTA,TF_C
site_0557,GAGGTACTCAGCATG,TF_C
site_0558,CGTGGCCATCTCAGTTTC,TF_C
site_0559,TCCCCTCCGGTTCTTAACG,TF_C
site_0560,GTGAGCTAGCTCTCGATA,TF_C
site_0561,TGGGGGCAAATGTCTGCA,TF_C
site_0562,GGTTTGAGTTCGTGTCCGA,TF_C
site_0563,ACCGCGGATAATCACGG,TF_C
site_0564,GTGGATCACCAAACTG,TF_C
site_0565,TCCTTCGCCTGTCATA,TF_C
site_0566,ACGTCCTCAATGAGGCT,TF_C
site_0567,TTAGGCCCATCACGTGT,TF_C
site_0568,GTAAGACGCATCAAGCTTCC,TF_C
site_0569,TCTGTCCTTGCAAGCGCTCA,TF_C
site_0570,GGTGGAACCTTCAAG,TF_C
site_0571,TAGACCGTGACTATGAGC,TF_C
site_0572,TGGGAGAGACGCTAACT,TF_C
site_0573,TTGAGGCCGAAAACTCCGCC,TF_C
site_0574,AAAGGTTGAGACGGCCCTG,TF_C
site_0575,GGGAGCGATCTCGGTCCTAT,TF_C
site_0576,GTCTAAGGCCTCCATT,TF_C
site_0577,TACTTAAGCCACCCTG,TF_C
site_0578,CCCATCTAGCTGTAACTCAG,TF_C
site_0579,CCTGAAGCATCAGATGCTCT,TF_C
site_0580,CTATTCTCAGGAATCGCCCG,TF_C
site_0581,CGTTGCCACTCGTGCCAGAA,TF_C
site_0582,AACGGGGTGCAAAACCC,TF_C
site_0583,AGTAACTGCGTTGAGG,TF_C
site_0584,TATGGCAGGGGAAACA,TF_C
site_0585,TGTCGAGGAAGCCGTAC,TF_C
site_0586,GTCTCTCCTCCGCTACAA,TF_C
site_0587,TCATCGTTCGGAGGGTGT,TF_C
site_0588,CAGGACACGAATGTTG,TF_C
site_0589,TCCTGTAGGCGTTTTGCG,TF_C
site_0590,CGACAGCTGACTATGG,TF_C
site_0591,GCGAATGTGGGTGTCCA,TF_C
site_0592,CCTTGTGGGTATCGCTA,TF_C
site_0593,TACAGGGACGGCCTTTG,TF_C
site_0594,GTGAGTTGGTTAGCTG,TF_C
site_0595,CGGGACATTCAAACCGC,TF_C
site_0596,AGCGAGAGTGGCTTTA,TF_C
site_0597,CTTCCCCGTGCAAGGGTTTA,TF_C
site_0598,CGATGAACAGATCCTGCC,TF_C
site_0599,TGGGTACACGTTCTGGA,TF_C
site_0600,ACGTGACGATGAGAGCGAGG,TF_C
site_0601,CCAGATTCAGCAACGCCCT,TF_C
site_0602,GCCATTCCCGTGGTA,TF_C
site_0603,GGTGTACCTTGGTAACTGTG,TF_C
site_0604,CAAGGCCGCAGCATAA,TF_C
site_0605,CTTGGGTGCTGATCC,TF_C
site_0606,GTGCTGCGCGTTTTTCGAT,TF_C
site_0607,GTTCGTAAGGCCGAT,TF_C
site_0608,CATGCATGTGCCCTCGTA,TF_C
site_0609,ACTTTCGAGATGGTTGCCG,TF_C
site_0610,TGATCATGATACGCGGGT,TF_C
site_0611,AGTGCAATGGTGAACACC,TF_C
site_0612,ATGATGGACCTTGGCTGTC,TF_C
site_0613,GGGTCCGTCATAAGGT,TF_C
site_0614,GGAAATCGGGTGGAACT,TF_C
site_0615,GCCGGGTAGTAAAGACCT,TF_C
site_0616,GCGGTAACGAATTCGG,TF_C
site_0617,TCCTCTTGTGGGCGTGT,TF_C
site_0618,TAGAGCTAGCTGTGCG,TF_C
site_0619,ATAAGCACTAGGTGACGGGT,TF_C
site_0620,GGACTACATCTCACGGAC,TF_C
site_0621,TCTACGCAGAGCGAT,TF_C
site_0622,GAGGCATAACAAGGCT,TF_C
site_0623,TACTCGAAGCACTACCCCT,TF_C
site_0624,CCGATCTAGAAGGACG,TF_C
site_0625,GTTGTGCAGCGTGATCCTA,TF_C
site_0626,CGCGGAAAGGTCGACTTTTA,TF_C
site_0627,CCTAGCGACTAGCGCAAAGT,TF_C
site_0628,AGAGCGAGTAGAGCTTACAG,TF_C
site_0629,TACCATCGAGGCGATA,TF_C
site_0630,TAATTGGGAGCGTATCCC,TF_C
site_0631,TCTAAGGACTACGTGGCA,TF_C
site_0632,GTTGCCTGGCAACCGTTAGG,TF_C
site_0633,GGAAGCGTTACTTCCTAG,TF_C
site_0634,GTGAGATCCGTTAGCG,TF_C
site_0635,GACCGTAGGACTGACCT,TF_C
site_0636,CAATTCTAGCGCTAGCG,TF_C
site_0637,GCACTCGGGCGACGAGTTAT,TF_C
site_0638,ATTTTCACATGGCCCTGC,TF_C
site_0639,GACGCCCAAACGGTTGA,TF_C
site_0640,GGGTCTTCTTCTGGGA,TF_C
site_0641,TCCTTCCATAGCGCC,TF_C
site_0642,ACGTGCGATTCACTC,TF_C
site_0643,ACACCCAAGAGGGTT,TF_C
site_0644,GCCTAGTGCCAAAGG,TF_C
site_0645,GTCCAATAAGCGCAGCCGTC,TF_C
site_0646,AGTAGTGGGGATCCGAG,TF_C
site_0647,TAGCGCAACGGTCACTACTT,TF_C
site_0648,ACAGTGGCATGTACGA,TF_C
site_0649,TTTGGTTCCCCTGAG,TF_C
site_0650,ATCTGACGCAGGTACAGGT,TF_C
site_0651,GCACACGACAAAACAG,TF_C
site_0652,GGCAGCTTAGGCCTTACT,TF_C
site_0653,CCTCGGGTCTAGTTGAA,TF_C
site_0654,TAATGGGAACTGGCGGC,TF_C
site_0655,AAATCAGACTCGCACG,TF_C
site_0656,TGCAGCGCCATAGCAAT,TF_C
site_0657,GAGGATCCGGTGTAGACT,TF_C
site_0658,TGGGCTCCTACAGTA,TF_C
site_0659,TTAGACGTCCTCGTGGTAG,TF_C
site_0660,ATTGTCCGGCTTATCCGA,TF_C
site_0661,CTAGCACTGTCTCCCT,TF_C
site_0662,GGGCTTCCCTCCGATCAGAT,TF_C
site_0663,AAAGACCTCTCGGGC,TF_C
site_0664,TGAACGCGACCCTAA,TF_C
site_0665,GCGACGTCGCATAATCC,TF_C
site_0666,GTAGGCCCGGATTCCAT,TF_C
site_0667,CGGACGGTATAATCGGCAG,TF_C
site_0668,CGACTCTTGGGTTAGAG,TF_C
site_0669,TCTTCTAATATGCGGGCG,TF_C
site_0670,ATGCGTCATCGGGATCG,TF_C
site_0671,AGAGCAGGGATTTCGC,TF_C
site_0672,AGTGTCAGGGCCTCAGTGTG,TF_C
site_0673,CGACAATATGGACGC,TF_C
site_0674,CCGCACATGAGGAAA,TF_C
site_0675,CGTCTCGCAATTCCCCTTGC,TF_C
site_0676,ACGTTCCGGGCAAAAGG,TF_C
site_0677,GACGGCAACCAGAACTCA,TF_C
site_0678,GGAGTGCTTCTCGTGGTGT,TF_C
site_0679,TTATCCGAGATCTGACACCG,TF_C
site_0680,ACCACGGTCTTCGAGT,TF_C
site_0681,GGCCTGACAAAATGTC,TF_C
site_0682,ATGAAGTGCGGGGCAAGCAG,TF_C
site_0683,CTGGATTCGGAGGAG,TF_C
site_0684,TAACCCACCAGGGCGATATG,TF_C
site_0685,GTAAGCGAACGCCGATAAC,TF_C
site_0686,ACTTGCGACAGTCGATCCCG,TF_C
site_0687,GCTGTGACAGCATGCA,TF_C
site_0688,ACTTGGCCTTTCTAGG,TF_C
site_0689,AACGACTCGGGCATTAGCC,TF_C
site_0690,GCGGCCTCGTTTTCCTTT,TF_C
site_0691,TAAGTGCGCAAGGCG,TF_C
site_0692,AGAGCTATACGGGCT,TF_C
site_0693,CGTCGATGTAGCCACTACAA,TF_C
site_0694,GAATCCCCGATGCGTAT,TF_C
site_0695,AGAAAGATCCAGCGC,TF_C
site_0696,CAATGCTAGAGCTGCCA,TF_C
site_0697,TACGCGAAGGCGTCT,TF_C
site_0698,GGATGCCAAAGTGGACTCA,TF_C
site_0699,ATACTCCCGAGCCATGTAC,TF_C
site_0700,ATCTAGGGGGCAATGGTTTG,TF_C
site_0701,GAGCCCATTGATTCAC,TF_C
site_0702,TGCACGCTTCGGCTT,TF_C
site_0703,ACGACGACCGTATGTT,TF_C
site_0704,GAGACAGACGTGATGTTC,TF_C
site_0705,TGGTTACGACGCCGAATGT,TF_C
site_0706,GGAAGCTAACAACGACGC,TF_C
site_0707,CAGCGAAGCATTGAC,TF_C
site_0708,GCGGTTACTAAGCTAG,TF_C
site_0709,AACGATACTGCCTCCAC,TF_C
site_0710,TTATAACCTTCGGGCTGC,TF_C
site_0711,CACCCTTTACTGGTGGGTTG,TF_C
site_0712,ATCTTCCCCCCTTCTCG,TF_C
site_0713,ATCTATGCCCGATCTTCGC,TF_C
site_0714,ATGTACCGCGATTCC,TF_C
site_0715,TCCAGCTGATCGCTAAC,TF_C
site_0716,CGTTCTGAGATTACCG,TF_C
site_0717,TCGTCGTTCGTCTGA,TF_C
site_0718,TCGCGAATTCGGAGA,TF_C
site_0719,AGTCGTGGCGGCTGTAA,TF_C
site_0720,TTTCCCCTGTAGCCAACT,TF_C
site_0721,CTGCGTGTTTAGAAAGGCAG,TF_C
site_0722,CATCCTTGGATAGTCC,TF_C
site_0723,CGAGCCAGACACGTAATA,TF_C
site_0724,TGTCGGTCTCCCATTA,TF_C
site_0725,TCCGGGCACGTGATGTGAT,TF_C
site_0726,ATGCTCCAATAGTGGG,TF_C
site_0727,GCACGCGCAGATCGTTA,TF_C
site_0728,ACCTCAAGTATCCCAGGG,TF_C
site_0729,GGGCACGTATCAAAG,TF_C
site_0730,TAGCGAATGGCGCTGCTTC,TF_C
site_0731,CAAGCCCAACCGTTGTGA,TF_C
site_0732,CAAGATCGGCCTTCAG,TF_C
site_0733,CGTGTTGCCGCATATGATG,TF_C
site_0734,CCAGGACGGTCATGA,TF_C
site_0735,TGCTCACTGGGCTTTT,TF_C
site_0736,CGTAACACTCACCGG,TF_C
site_0737,TCCAGATGGAGGCCTACAC,TF_C
site_0738,GGATATCTCGAGATCCCACT,TF_C
site_0739,GTGAACTTCCTGGAG,TF_C
site_0740,GCGATCGTAATGGTTG,TF_C
site_0741,GTGCATCGAATTCCGGGAG,TF_C
site_0742,ATATCAGCGCCTGCCAAAC,TF_C
site_0743,TGCTAGGTAGACGGCT,TF_C
site_0744,ACTATGAGCAACGGCC,TF_C
site_0745,AGAGTCGTTCGTCCTCTCC,TF_C
site_0746,GGAAAGGGAGTTCAGTCTG,TF_C
site_0747,CCACATGCCAGCTAACTT,TF_C
site_0748,ATCACCGCCCTTGTTTGTTG,TF_C
site_0749,CGAGGCTATTGTGTGG,TF_C
site_0750,GTGTCCATCGTGATGAGCAC,TF_C
anchor_up,TTGACA,anchors
anchor_down,TATAAT,anchors
