GGGTC,ATATCT,CTGTTCC,TCTGCTGT,AATCATGAG,TCGGATCACT,GGTTGAGAGGA,CTCAATATGAGA,AGCATCCGTTGGT,AACTTTCAATTGTT,GACCC,AGATAT,GGAACAG,ACAGCAGA,CTCATGATT,AGTGATCCGA,TCCTCTCAACC,TCTCATATTGAG,ACCAACGGATGCT,AACAATTGAAAGTT
1,0,0,0,0,0,0,0,0,0,0,1,1,1,1,0,0,0,0,0
0,1,1,1,1,0,0,0,0,0,1,0,0,0,0,0,0,0,0,0
1,0,0,0,0,0,0,0,0,0,0,1,1,1,0,0,0,1,0,0
0,1,1,1,1,0,0,0,0,0,1,0,0,0,0,0,0,0,0,0
0,0,0,0,0,0,1,0,0,0,1,1,1,1,0,0,0,0,0,0
0,0,0,0,1,0,0,0,0,0,1,1,1,1,0,0,0,0,0,0
0,1,1,1,1,0,0,0,0,0,1,0,0,0,0,0,0,0,0,0
1,0,0,0,0,1,0,0,0,0,0,1,1,1,0,0,0,0,0,0
1,1,1,1,0,1,0,0,0,0,0,0,0,0,0,0,0,0,0,0
0,1,1,1,1,0,0,0,0,0,1,0,0,0,0,0,0,0,0,0
1,0,0,0,0,1,0,0,0,0,0,1,1,1,0,0,0,0,0,0
0,0,0,0,1,0,0,0,0,0,1,1,1,1,0,0,0,0,0,0
0,1,0,0,0,0,0,0,0,0,1,0,1,1,0,0,0,1,0,0
1,1,1,1,0,1,0,0,0,0,0,0,0,0,0,0,0,0,0,0
0,0,0,0,0,0,0,0,0,0,1,1,1,1,0,1,0,0,0,0
0,1,1,1,0,0,0,0,0,0,1,0,0,0,1,0,0,0,0,0
0,0,0,0,1,0,0,0,0,0,1,1,1,1,0,0,0,0,0,0
0,0,0,0,0,1,0,0,0,0,1,1,1,1,0,0,0,0,0,0
0,0,0,0,0,0,0,0,0,0,1,1,1,1,0,1,0,0,0,0
0,1,1,1,0,0,0,1,0,0,1,0,0,0,0,0,0,0,0,0
0,0,0,0,1,0,0,0,0,0,1,0,1,1,0,1,0,0,0,0
1,0,0,0,0,0,0,0,0,0,0,1,1,1,0,0,0,1,0,0
1,0,0,0,0,0,1,0,0,0,0,1,1,1,0,0,0,0,0,0
0,1,1,1,0,0,1,0,0,0,1,0,0,0,0,0,0,0,0,0
0,0,0,0,0,0,0,1,0,0,1,1,1,1,0,0,0,0,0,0
1,0,0,0,0,0,1,0,0,0,0,1,1,1,0,0,0,0,0,0
1,0,0,0,0,0,0,0,0,0,0,1,1,1,0,1,0,0,0,0
1,1,1,1,0,0,0,0,0,0,0,0,0,0,1,0,0,0,0,0
1,0,0,0,0,0,0,0,0,0,0,1,1,1,0,1,0,0,0,0
1,1,1,1,0,0,0,0,0,0,0,0,0,0,0,0,1,0,0,0
0,1,1,1,0,0,0,0,0,0,1,0,0,0,0,1,0,0,0,0
0,0,0,0,1,0,0,0,0,0,1,1,1,1,0,0,0,0,0,0
0,1,0,0,0,0,0,0,0,0,1,0,1,1,0,1,0,0,0,0
0,1,1,1,0,0,0,0,0,0,1,0,0,0,0,1,0,0,0,0
0,1,0,1,1,0,0,0,0,0,1,0,1,0,0,0,0,0,0,0
0,0,0,0,0,0,0,1,0,0,1,1,1,1,0,0,0,0,0,0
1,0,0,0,0,0,0,0,0,0,0,1,1,1,1,0,0,0,0,0
1,0,1,1,0,1,0,0,0,0,0,0,0,0,1,0,0,0,0,0
1,1,1,1,0,0,1,0,0,0,0,0,0,0,0,0,0,0,0,0
0,1,1,1,0,0,0,0,0,0,1,0,0,0,0,1,0,0,0,0
0,0,0,0,0,0,0,0,0,0,1,1,1,1,1,0,0,0,0,0
0,0,0,0,0,0,0,0,0,0,1,1,1,1,0,0,1,0,0,0
1,0,0,0,1,0,0,0,0,0,0,1,1,1,0,0,0,0,0,0
1,1,1,1,0,0,0,0,0,0,0,0,0,0,0,0,1,0,0,0
0,1,1,1,0,0,1,0,0,0,1,0,0,0,0,0,0,0,0,0
0,0,0,0,1,0,0,0,0,0,1,1,1,1,0,0,0,0,0,0
0,1,1,1,0,1,0,0,0,0,1,0,0,0,0,0,0,0,0,0
1,1,1,1,0,0,0,0,0,0,0,0,0,0,0,0,1,0,0,0
0,1,1,1,0,0,0,1,0,0,1,0,0,0,0,0,0,0,0,0
1,1,1,1,1,0,0,0,0,0,0,0,0,0,0,0,0,0,0,0
0,1,1,1,0,0,0,0,0,0,1,0,0,0,1,0,0,0,0,0
1,0,0,0,0,0,0,0,0,0,0,1,1,1,1,0,0,0,0,0
1,1,1,1,0,0,0,0,0,0,0,0,0,0,1,0,0,0,0,0
1,1,1,1,0,0,1,0,0,0,0,0,0,0,0,0,0,0,0,0
0,0,0,0,0,0,0,1,0,0,1,1,1,1,0,0,0,0,0,0
0,0,0,0,0,0,0,0,0,0,1,1,1,1,0,1,0,0,0,0
1,1,1,1,0,0,0,0,0,0,0,0,0,0,0,0,0,1,0,0
1,1,1,1,0,0,0,0,0,0,0,0,0,0,0,1,0,0,0,0
1,1,1,1,1,0,0,0,0,0,0,0,0,0,0,0,0,0,0,0
0,1,1,1,1,0,0,0,0,0,0,0,0,0,0,1,0,0,0,0
0,0,0,0,0,0,0,0,0,0,1,1,1,1,1,0,0,0,0,0
0,0,0,0,0,0,0,0,0,0,1,1,1,1,0,1,0,0,0,0
0,0,0,0,0,0,0,0,0,0,1,1,1,1,0,0,0,1,0,0
0,1,0,1,0,0,0,0,0,0,1,0,1,0,0,1,0,0,0,0
0,0,0,0,0,0,0,0,0,0,1,1,1,1,0,0,1,0,0,0
0,1,1,1,0,0,0,0,0,0,1,0,0,0,0,0,1,0,0,0
0,0,0,0,0,0,0,0,0,0,1,1,1,1,0,1,0,0,0,0
0,0,0,0,0,0,1,0,0,0,1,1,1,1,0,0,0,0,0,0
0,1,1,1,1,0,0,0,0,0,1,0,0,0,0,0,0,0,0,0
0,1,1,1,0,0,1,0,0,0,1,0,0,0,0,0,0,0,0,0
0,1,1,1,1,0,0,0,0,0,1,0,0,0,0,0,0,0,0,0
1,1,1,1,0,0,0,0,0,0,0,0,0,0,0,1,0,0,0,0
1,1,1,1,0,0,0,0,0,0,0,0,0,0,1,0,0,0,0,0
0,0,0,0,1,0,0,0,0,0,1,1,1,1,0,0,0,0,0,0
1,1,1,1,0,0,0,0,0,0,0,0,0,0,1,0,0,0,0,0
0,1,1,1,0,0,0,0,0,0,1,0,0,0,0,0,0,1,0,0
1,1,1,1,0,0,0,0,0,0,0,0,0,0,1,0,0,0,0,0
1,1,1,1,1,0,0,0,0,0,0,0,0,0,0,0,0,0,0,0
1,1,1,1,0,1,0,0,0,0,0,0,0,0,0,0,0,0,0,0
0,0,1,1,1,0,0,0,0,0,1,1,0,0,0,0,0,0,0,0
0,1,1,1,0,0,0,0,0,0,1,0,0,0,0,0,1,0,0,0
0,1,1,1,0,1,0,0,0,0,1,0,0,0,0,0,0,0,0,0
0,1,1,1,0,0,0,0,0,0,1,0,0,0,1,0,0,0,0,0
1,1,1,1,0,0,0,0,0,0,0,0,0,0,0,0,0,1,0,0
1,0,1,1,0,1,0,0,0,0,0,1,0,0,0,0,0,0,0,0
0,1,1,1,0,0,0,0,0,0,1,0,0,0,1,0,0,0,0,0
1,1,1,1,0,0,0,1,0,0,0,0,0,0,0,0,0,0,0,0
0,1,1,1,0,0,0,1,0,0,1,0,0,0,0,0,0,0,0,0
0,1,1,1,0,0,0,0,0,0,1,0,0,0,0,0,0,1,0,0
0,1,1,1,0,0,0,0,0,0,1,0,0,0,0,1,0,0,0,0
0,0,1,1,0,0,0,0,0,0,1,1,0,0,0,1,0,0,0,0
1,0,0,0,0,1,0,0,0,0,0,1,1,1,0,0,0,0,0,0
0,0,0,0,1,0,0,0,0,0,1,1,1,1,0,0,0,0,0,0
0,1,1,1,0,1,0,0,0,0,1,0,0,0,0,0,0,0,0,0
1,1,1,1,0,0,0,1,0,0,0,0,0,0,0,0,0,0,0,0
1,1,1,1,0,0,0,1,0,0,0,0,0,0,0,0,0,0,0,0
1,1,0,0,1,0,0,0,0,0,0,0,1,1,0,0,0,0,0,0
0,1,1,1,0,0,0,1,0,0,1,0,0,0,0,0,0,0,0,0
1,1,1,1,0,1,0,0,0,0,0,0,0,0,0,0,0,0,0,0
1,0,1,1,0,0,0,0,0,0,0,1,0,0,1,0,0,0,0,0
1,1,0,0,1,0,0,0,0,0,0,0,1,1,0,0,0,0,0,0
1,0,0,0,0,0,0,1,0,0,0,1,1,1,0,0,0,0,0,0
1,1,0,1,0,1,0,0,0,0,0,0,1,0,0,0,0,0,0,0
1,1,1,1,0,1,0,0,0,0,0,0,0,0,0,0,0,0,0,0
0,1,1,1,0,0,1,0,0,0,1,0,0,0,0,0,0,0,0,0
0,0,0,0,1,0,1,0,0,0,0,1,1,1,0,0,0,0,0,0
0,1,1,1,1,0,0,0,0,0,1,0,0,0,0,0,0,0,0,0
1,1,1,1,0,0,0,0,0,0,0,0,0,0,1,0,0,0,0,0
1,0,1,1,0,1,0,0,0,0,0,1,0,0,0,0,0,0,0,0
0,1,1,1,0,0,0,0,0,0,1,0,0,0,0,0,1,0,0,0
1,1,1,1,0,0,0,0,0,0,0,0,0,0,1,0,0,0,0,0
0,1,0,0,0,0,0,0,0,0,1,0,1,1,1,0,0,0,0,0
1,0,0,0,0,0,1,0,0,0,0,1,1,1,0,0,0,0,0,0
0,0,0,0,0,0,0,0,0,0,1,1,1,1,0,1,0,0,0,0
0,0,0,0,0,1,0,0,0,0,0,1,1,1,1,0,0,0,0,0
0,1,0,0,0,0,0,0,0,0,1,0,1,1,0,1,0,0,0,0
0,1,0,0,0,0,0,0,0,0,1,0,1,1,0,1,0,0,0,0
1,1,1,1,1,0,0,0,0,0,0,0,0,0,0,0,0,0,0,0
0,1,1,1,0,0,0,0,0,0,1,0,0,0,1,0,0,0,0,0
1,1,1,1,0,0,1,0,0,0,0,0,0,0,0,0,0,0,0,0
1,1,1,1,0,0,0,0,0,0,0,0,0,0,0,0,1,0,0,0
0,1,0,0,0,0,0,0,0,0,1,0,1,1,1,0,0,0,0,0
0,1,1,1,0,0,0,0,0,0,1,0,0,0,1,0,0,0,0,0
1,0,0,0,1,0,0,0,0,0,0,1,1,1,0,0,0,0,0,0
1,0,0,0,0,0,1,0,0,0,0,1,1,1,0,0,0,0,0,0
1,1,1,1,0,0,0,0,0,0,0,0,0,0,0,1,0,0,0,0
0,0,0,0,1,0,0,0,0,0,1,1,1,1,0,0,0,0,0,0
1,0,0,0,0,0,0,0,0,0,0,1,1,1,1,0,0,0,0,0
1,0,0,0,0,1,0,0,0,0,0,1,1,1,0,0,0,0,0,0
0,1,1,1,0,1,0,0,0,0,1,0,0,0,0,0,0,0,0,0
0,1,1,1,0,0,0,0,0,0,1,0,0,0,0,1,0,0,0,0
0,1,1,1,0,0,0,0,0,0,1,0,0,0,0,0,1,0,0,0
0,1,1,1,0,0,0,0,0,0,1,0,0,0,0,0,1,0,0,0
1,1,1,1,1,0,0,0,0,0,0,0,0,0,0,0,0,0,0,0
0,0,0,0,1,0,0,0,0,0,1,1,1,1,0,0,0,0,0,0
1,1,1,1,0,0,0,0,0,0,0,0,0,0,0,1,0,0,0,0
0,0,0,0,0,0,0,0,0,0,1,1,1,1,1,0,0,0,0,0
1,1,1,1,0,0,0,0,0,0,0,0,0,0,0,1,0,0,0,0
1,1,1,1,0,0,0,0,0,0,0,0,0,0,1,0,0,0,0,0
1,0,0,0,0,0,0,0,0,0,0,1,1,1,0,0,1,0,0,0
1,0,0,0,0,0,0,0,0,0,0,1,1,1,0,0,0,1,0,0
0,0,0,0,1,0,0,0,0,0,1,1,1,1,0,0,0,0,0,0
1,1,1,1,0,0,1,0,0,0,0,0,0,0,0,0,0,0,0,0
0,0,0,0,0,1,0,0,0,0,1,1,1,1,0,0,0,0,0,0
0,0,0,0,0,0,0,0,0,0,1,1,1,1,1,0,0,0,0,0
0,1,1,1,0,0,0,0,0,0,0,0,0,0,1,0,1,0,0,0
1,1,1,1,0,0,0,0,0,0,0,0,0,0,0,0,0,1,0,0
0,0,0,0,0,0,0,0,0,0,1,1,1,1,0,0,0,1,0,0
1,0,1,1,0,1,0,0,0,0,0,1,0,0,0,0,0,0,0,0
0,0,0,0,0,0,0,0,0,0,1,1,1,1,0,0,0,1,0,0
0,0,0,0,0,0,1,0,0,0,1,1,1,1,0,0,0,0,0,0
0,0,0,0,0,0,0,0,0,0,1,1,1,1,0,1,0,0,0,0
0,0,0,0,0,0,1,0,0,0,1,1,1,1,0,0,0,0,0,0
0,0,0,0,0,0,0,0,0,0,1,1,1,1,0,0,0,1,0,0
0,0,0,0,0,0,1,0,0,0,1,1,1,1,0,0,0,0,0,0
1,0,1,1,0,0,0,0,0,0,0,1,0,0,1,0,0,0,0,0
0,0,0,0,0,0,0,1,0,0,1,1,1,1,0,0,0,0,0,0
1,1,1,1,0,0,0,0,0,0,0,0,0,0,1,0,0,0,0,0
1,0,0,0,0,0,0,0,0,0,0,1,1,1,0,0,1,0,0,0
0,0,0,0,0,0,1,0,0,0,1,1,1,1,0,0,0,0,0,0
1,1,1,1,0,1,0,0,0,0,0,0,0,0,0,0,0,0,0,0
0,0,0,0,0,0,0,0,0,0,1,1,1,1,0,1,0,0,0,0
0,0,0,0,0,0,0,0,0,0,1,1,1,1,0,0,1,0,0,0
1,1,1,1,0,1,0,0,0,0,0,0,0,0,0,0,0,0,0,0
1,0,0,0,0,0,1,0,0,0,0,1,1,1,0,0,0,0,0,0
0,0,0,0,0,0,0,0,0,0,1,1,1,1,1,0,0,0,0,0
0,0,0,0,0,1,0,0,0,0,1,1,1,1,0,0,0,0,0,0
1,0,1,1,1,0,0,0,0,0,0,1,0,0,0,0,0,0,0,0
1,0,1,0,0,1,0,0,0,0,0,1,0,1,0,0,0,0,0,0
1,0,0,0,0,0,0,0,0,0,0,1,1,1,1,0,0,0,0,0
1,0,0,0,1,0,0,0,0,0,0,1,1,1,0,0,0,0,0,0
1,0,0,0,0,0,0,0,0,0,0,1,1,1,0,1,0,0,0,0
1,0,0,0,1,0,0,0,0,0,0,1,1,1,0,0,0,0,0,0
1,0,0,0,0,1,0,0,0,0,0,1,1,1,0,0,0,0,0,0
1,0,0,0,0,0,0,0,0,0,0,1,1,1,1,0,0,0,0,0
0,1,1,1,0,0,0,0,0,0,1,0,0,0,0,1,0,0,0,0
1,0,0,0,0,0,1,0,0,0,0,1,1,1,0,0,0,0,0,0
1,0,0,0,0,0,0,1,0,0,0,1,1,1,0,0,0,0,0,0
1,0,0,0,1,0,0,0,0,0,0,1,1,1,0,0,0,0,0,0
0,1,1,1,0,0,0,0,0,0,1,0,0,0,1,0,0,0,0,0
0,1,0,0,0,0,0,0,0,0,1,0,1,1,1,0,0,0,0,0
1,0,1,1,0,0,0,0,0,0,0,1,0,0,1,0,0,0,0,0
0,1,0,0,1,0,0,0,0,0,1,0,1,1,0,0,0,0,0,0
0,1,0,0,0,0,0,0,0,0,1,0,1,1,0,1,0,0,0,0
0,0,0,0,0,0,0,1,0,0,1,1,1,1,0,0,0,0,0,0
1,0,0,0,0,0,0,0,0,0,0,1,1,1,0,1,0,0,0,0
0,0,0,0,0,1,0,0,0,0,1,1,1,1,0,0,0,0,0,0
0,0,0,0,0,0,0,0,0,0,1,1,1,1,0,1,0,0,0,0
1,1,1,1,1,0,0,0,0,0,0,0,0,0,0,0,0,0,0,0
1,1,1,1,0,0,0,0,0,0,0,0,0,0,1,0,0,0,0,0
0,0,1,1,0,0,0,0,0,0,1,1,0,0,0,1,0,0,0,0
1,1,1,1,0,0,0,1,0,0,0,0,0,0,0,0,0,0,0,0
0,0,0,0,0,0,0,0,0,0,1,1,1,1,1,0,0,0,0,0
1,0,0,0,1,0,0,0,0,0,0,1,1,1,0,0,0,0,0,0
1,1,1,1,0,0,0,0,0,0,0,0,0,0,0,1,0,0,0,0
1,1,1,1,0,0,0,0,0,0,0,0,0,0,1,0,0,0,0,0
1,1,1,1,0,0,0,0,0,0,0,0,0,0,0,0,1,0,0,0
1,1,1,1,0,0,0,0,0,0,0,0,0,0,0,0,1,0,0,0
1,0,0,0,0,0,0,0,0,0,0,1,1,1,1,0,0,0,0,0
1,1,1,1,0,1,0,0,0,0,0,0,0,0,0,0,0,0,0,0
1,0,1,1,1,0,0,0,0,0,0,1,0,0,0,0,0,0,0,0
1,1,1,1,0,0,0,0,0,0,0,0,0,0,1,0,0,0,0,0
1,1,1,1,1,0,0,0,0,0,0,0,0,0,0,0,0,0,0,0
1,1,0,1,0,0,0,0,0,0,0,0,1,0,0,1,0,0,0,0
1,1,1,1,0,0,0,0,0,0,0,0,0,0,0,0,0,1,0,0
1,1,0,1,1,0,0,0,0,0,0,0,1,0,0,0,0,0,0,0
1,1,1,1,0,1,0,0,0,0,0,0,0,0,0,0,0,0,0,0
0,1,0,0,0,0,1,0,0,0,1,0,1,1,0,0,0,0,0,0
0,1,0,0,1,0,0,0,0,0,1,0,1,1,0,0,0,0,0,0
0,0,0,0,0,1,0,0,0,0,1,1,1,1,0,0,0,0,0,0
0,0,0,0,0,0,1,0,0,0,1,1,1,1,0,0,0,0,0,0
0,1,1,1,0,0,0,1,0,0,1,0,0,0,0,0,0,0,0,0
1,0,0,0,0,1,0,0,0,0,0,1,1,1,0,0,0,0,0,0
1,0,0,0,0,0,0,0,0,0,0,1,1,1,0,1,0,0,0,0
0,0,0,0,0,0,0,0,0,0,1,1,1,1,0,1,0,0,0,0
1,1,1,1,0,0,0,1,0,0,0,0,0,0,0,0,0,0,0,0
0,0,0,0,0,0,0,0,0,0,1,1,1,1,1,0,0,0,0,0
0,0,0,0,0,0,0,0,0,0,1,1,1,1,1,0,0,0,0,0
1,1,1,1,0,0,0,0,0,0,0,0,0,0,1,0,0,0,0,0
1,0,0,0,0,0,0,0,0,0,0,1,1,1,0,1,0,0,0,0
1,0,1,1,1,0,0,0,0,0,0,1,0,0,0,0,0,0,0,0
0,0,0,0,0,0,1,0,0,0,1,1,1,1,0,0,0,0,0,0
1,0,0,0,1,0,0,0,0,0,0,1,1,1,0,0,0,0,0,0
1,0,1,1,0,0,0,0,0,0,0,1,0,0,0,0,1,0,0,0
1,1,1,1,0,0,0,0,0,0,0,0,0,0,0,1,0,0,0,0
0,1,0,0,0,0,0,1,0,0,1,0,1,1,0,0,0,0,0,0
1,0,0,0,0,1,0,0,0,0,0,1,1,1,0,0,0,0,0,0
1,1,1,1,0,0,0,0,0,0,0,0,0,0,1,0,0,0,0,0
1,0,0,0,1,0,0,0,0,0,0,1,1,1,0,0,0,0,0,0
1,0,1,1,0,0,0,0,0,0,0,1,0,0,0,1,0,0,0,0
1,0,0,0,0,1,0,0,0,0,0,1,1,1,0,0,0,0,0,0
0,1,1,1,0,1,0,0,0,0,1,0,0,0,0,0,0,0,0,0
1,0,1,1,1,0,0,0,0,0,0,1,0,0,0,0,0,0,0,0
0,1,1,1,0,0,1,0,0,0,1,0,0,0,0,0,0,0,0,0
1,1,1,1,0,0,0,0,0,0,0,0,0,0,0,0,1,0,0,0
0,0,0,0,0,0,0,0,0,0,1,1,1,1,0,1,0,0,0,0
0,0,0,0,1,0,0,0,0,0,1,1,1,1,0,0,0,0,0,0
1,0,0,0,0,0,0,0,0,0,0,1,1,1,0,0,1,0,0,0
0,0,0,0,0,0,1,0,0,0,1,0,1,1,1,0,0,0,0,0
1,1,1,1,0,0,0,0,0,0,0,0,0,0,0,0,1,0,0,0
1,0,0,0,1,0,0,0,0,0,0,1,1,1,0,0,0,0,0,0
1,1,0,0,1,0,0,0,0,0,0,0,1,1,0,0,0,0,0,0
0,0,0,0,0,0,0,0,0,0,1,1,1,1,1,0,0,0,0,0
0,0,0,0,1,0,0,0,0,0,1,1,1,1,0,0,0,0,0,0
1,0,0,0,1,0,0,0,0,0,0,1,1,1,0,0,0,0,0,0
0,0,0,0,0,0,0,0,0,0,1,1,1,1,0,1,0,0,0,0
1,0,0,0,0,0,0,0,0,0,0,1,1,1,0,0,0,1,0,0
1,1,0,0,0,0,0,0,0,0,0,0,1,1,0,1,0,0,0,0
1,0,0,0,0,0,0,0,0,0,0,1,1,1,0,0,1,0,0,0
1,0,0,0,0,0,0,0,0,0,0,1,1,1,1,0,0,0,0,0
1,0,0,0,0,0,0,1,0,0,0,1,1,1,0,0,0,0,0,0
1,1,0,0,0,1,0,0,0,0,0,0,1,1,0,0,0,0,0,0
0,0,0,0,0,0,0,0,0,0,1,1,1,1,0,1,0,0,0,0
0,0,0,0,0,0,1,0,0,0,1,1,1,1,0,0,0,0,0,0
1,0,0,0,0,0,0,0,0,0,0,1,1,1,0,1,0,0,0,0
0,0,0,0,0,0,0,0,0,0,1,1,1,1,1,0,0,0,0,0
1,1,0,0,0,0,0,0,0,0,0,0,1,1,1,0,0,0,0,0
1,0,0,0,1,0,0,0,0,0,0,1,1,1,0,0,0,0,0,0
0,0,1,1,0,0,0,1,0,0,1,1,0,0,0,0,0,0,0,0
1,1,1,1,1,0,0,0,0,0,0,0,0,0,0,0,0,0,0,0
1,0,0,0,0,1,0,0,0,0,0,1,1,1,0,0,0,0,0,0
0,1,1,1,0,0,0,0,0,0,1,0,0,0,0,1,0,0,0,0
0,1,0,1,0,0,0,0,0,0,1,0,1,0,0,1,0,0,0,0
0,1,1,1,0,0,0,0,0,0,1,0,0,0,1,0,0,0,0,0
0,1,1,1,0,0,0,0,0,0,1,0,0,0,0,1,0,0,0,0
1,1,0,0,0,1,0,0,0,0,0,0,1,1,0,0,0,0,0,0
1,0,0,0,0,0,0,0,0,0,0,1,1,1,0,1,0,0,0,0
1,1,1,1,1,0,0,0,0,0,0,0,0,0,0,0,0,0,0,0
0,1,1,1,0,1,0,0,0,0,1,0,0,0,0,0,0,0,0,0
1,0,1,1,0,1,0,0,0,0,0,1,0,0,0,0,0,0,0,0
1,0,0,0,0,0,0,0,0,0,0,1,1,1,0,0,0,1,0,0
1,0,1,1,0,0,0,1,0,0,0,1,0,0,0,0,0,0,0,0
1,0,0,0,0,0,0,0,0,0,0,1,1,1,0,0,1,0,0,0
1,0,0,0,0,0,0,0,0,0,0,1,1,1,0,0,0,1,0,0
0,0,0,0,1,0,1,0,0,0,1,0,1,1,0,0,0,0,0,0
1,0,0,0,1,0,0,0,0,0,0,1,1,1,0,0,0,0,0,0
1,1,0,0,0,0,0,0,0,0,0,0,1,1,1,0,0,0,0,0
0,1,0,0,0,0,0,0,0,0,1,0,1,1,1,0,0,0,0,0
0,1,1,1,0,0,0,0,0,0,1,0,0,0,0,1,0,0,0,0
1,0,0,0,0,1,0,0,0,0,0,1,1,1,0,0,0,0,0,0
1,1,1,1,0,0,0,1,0,0,0,0,0,0,0,0,0,0,0,0
0,0,1,1,0,0,0,0,0,0,1,1,0,0,1,0,0,0,0,0
1,1,0,0,0,1,0,0,0,0,0,0,1,1,0,0,0,0,0,0
1,0,0,1,1,0,0,0,0,0,0,1,1,0,0,0,0,0,0,0
1,1,1,1,0,0,0,0,0,0,0,0,0,0,1,0,0,0,0,0
1,0,1,1,0,1,0,0,0,0,0,1,0,0,0,0,0,0,0,0
1,1,1,1,0,0,0,0,0,0,0,0,0,0,0,0,1,0,0,0
0,1,0,1,1,0,0,0,0,0,1,0,1,0,0,0,0,0,0,0
0,1,1,1,1,0,0,0,0,0,1,0,0,0,0,0,0,0,0,0
0,0,0,0,0,1,0,0,0,0,1,1,1,1,0,0,0,0,0,0
1,0,1,1,0,0,1,0,0,0,0,1,0,0,0,0,0,0,0,0
1,0,0,0,1,0,0,0,0,0,0,1,1,1,0,0,0,0,0,0
1,1,1,1,0,0,0,1,0,0,0,0,0,0,0,0,0,0,0,0
1,1,0,0,0,1,0,0,0,0,0,0,1,1,0,0,0,0,0,0
1,0,0,0,1,0,0,0,0,0,0,1,1,1,0,0,0,0,0,0
1,1,0,0,1,0,0,0,0,0,0,0,1,1,0,0,0,0,0,0
1,1,0,0,0,0,1,0,0,0,0,0,1,1,0,0,0,0,0,0
1,1,1,1,0,0,1,0,0,0,0,0,0,0,0,0,0,0,0,0
1,1,1,1,0,1,0,0,0,0,0,0,0,0,0,0,0,0,0,0
1,0,0,0,0,1,0,0,0,0,0,1,1,1,0,0,0,0,0,0
1,1,1,1,0,0,1,0,0,0,0,0,0,0,0,0,0,0,0,0
0,0,0,0,0,0,0,0,0,0,1,1,1,1,0,0,0,1,0,0
0,1,1,1,0,0,0,0,0,0,1,0,0,0,1,0,0,0,0,0
0,1,0,0,0,0,0,0,0,0,1,0,1,1,0,1,0,0,0,0
1,0,1,1,0,1,0,0,0,0,0,1,0,0,0,0,0,0,0,0
0,1,1,1,0,1,0,0,0,0,1,0,0,0,0,0,0,0,0,0
0,0,0,0,0,0,1,0,0,0,1,1,1,1,0,0,0,0,0,0
1,1,1,1,0,1,0,0,0,0,0,0,0,0,0,0,0,0,0,0
0,0,0,0,0,0,0,0,0,0,1,1,1,1,1,0,0,0,0,0
1,1,1,1,0,0,0,0,0,0,0,0,0,0,0,0,0,1,0,0
1,1,1,1,1,0,0,0,0,0,0,0,0,0,0,0,0,0,0,0
1,1,0,0,0,0,1,0,0,0,0,0,1,1,0,0,0,0,0,0
0,0,0,0,0,0,1,0,0,0,1,1,1,1,0,0,0,0,0,0
0,0,0,0,0,0,0,1,0,0,1,1,1,1,0,0,0,0,0,0
0,0,0,0,1,0,0,0,0,0,1,1,1,1,0,0,0,0,0,0
0,0,0,0,0,0,0,0,0,0,1,1,1,1,1,0,0,0,0,0
0,1,0,0,0,0,0,1,0,0,1,0,1,1,0,0,0,0,0,0
1,1,0,0,0,1,0,0,0,0,0,0,1,1,0,0,0,0,0,0
0,0,0,0,0,0,0,0,0,0,1,1,1,1,0,1,0,0,0,0
0,0,1,0,1,0,0,0,0,0,1,1,0,1,0,0,0,0,0,0
1,0,0,0,1,0,0,0,0,0,0,1,1,1,0,0,0,0,0,0
1,0,1,0,1,0,0,0,0,0,0,1,0,1,0,0,0,0,0,0
0,1,0,0,1,0,0,0,0,0,1,0,1,1,0,0,0,0,0,0
0,0,1,1,1,0,0,0,0,0,1,1,0,0,0,0,0,0,0,0
1,0,1,1,0,0,0,0,0,0,0,1,0,0,1,0,0,0,0,0
1,1,1,1,0,1,0,0,0,0,0,0,0,0,0,0,0,0,0,0
0,0,1,1,0,0,0,0,0,0,1,1,0,0,0,1,0,0,0,0
0,1,1,0,0,0,0,0,0,0,1,0,0,1,0,0,1,0,0,0
0,1,0,0,0,1,0,0,0,0,1,0,1,1,0,0,0,0,0,0
1,0,1,1,0,1,0,0,0,0,0,1,0,0,0,0,0,0,0,0
0,1,0,0,0,0,0,0,0,0,1,0,1,1,0,1,0,0,0,0
0,1,1,1,0,0,0,0,0,0,1,0,0,0,0,0,1,0,0,0
0,0,0,0,0,0,0,0,0,0,1,1,1,1,0,1,0,0,0,0
1,1,1,1,0,0,0,0,0,0,0,0,0,0,1,0,0,0,0,0
0,1,1,1,0,0,0,0,0,0,1,0,0,0,1,0,0,0,0,0
1,1,0,0,0,0,0,0,0,0,0,0,1,1,1,0,0,0,0,0
0,0,0,0,0,0,0,0,0,0,1,1,1,1,0,0,1,0,0,0
0,0,0,0,0,0,1,0,0,0,1,1,1,1,0,0,0,0,0,0
0,0,0,0,0,0,0,0,0,0,1,1,1,1,0,1,0,0,0,0
0,0,0,0,0,0,0,0,0,0,1,1,1,1,0,0,0,1,0,0
0,0,0,0,0,0,0,0,0,0,1,1,1,1,0,0,1,0,0,0
1,1,0,1,0,1,0,0,0,0,0,0,1,0,0,0,0,0,0,0
1,1,1,1,0,0,0,0,0,0,0,0,0,0,0,0,1,0,0,0
1,1,1,1,0,0,0,0,0,0,0,0,0,0,0,0,1,0,0,0
0,1,1,1,0,0,0,0,0,0,1,0,0,0,0,0,1,0,0,0
1,1,1,1,0,0,0,0,0,0,0,0,0,0,0,0,0,1,0,0
0,1,1,1,0,0,0,0,0,0,1,0,0,0,1,0,0,0,0,0
1,0,1,1,0,0,0,0,0,0,0,1,0,0,0,0,1,0,0,0
0,1,1,1,0,0,0,0,0,0,1,0,0,0,0,1,0,0,0,0
1,0,1,1,1,0,0,0,0,0,0,1,0,0,0,0,0,0,0,0
0,0,0,0,1,0,0,0,0,0,1,1,1,1,0,0,0,0,0,0
1,0,1,1,1,0,0,0,0,0,0,1,0,0,0,0,0,0,0,0
0,1,1,0,0,0,0,0,0,0,1,0,0,1,1,0,0,0,0,0
1,0,1,0,0,0,0,0,0,0,0,1,0,1,0,0,1,0,0,0
1,0,1,0,0,1,0,0,0,0,0,1,0,1,0,0,0,0,0,0
1,0,1,1,0,0,0,0,0,0,0,1,0,0,1,0,0,0,0,0
0,0,1,1,0,0,0,0,0,0,1,1,0,0,0,1,0,0,0,0
1,0,1,1,0,0,0,0,0,0,0,1,0,0,1,0,0,0,0,0
0,1,1,1,0,0,0,0,0,0,1,0,0,0,1,0,0,0,0,0
1,1,0,0,1,0,0,0,0,0,0,0,1,1,0,0,0,0,0,0
1,0,0,0,0,0,1,0,0,0,0,1,1,1,0,0,0,0,0,0
0,1,0,0,0,1,0,0,0,0,1,0,1,1,0,0,0,0,0,0
1,1,1,1,0,0,0,0,0,0,0,0,0,0,1,0,0,0,0,0
1,0,0,1,1,0,0,0,0,0,0,1,1,0,0,0,0,0,0,0
1,1,0,0,0,1,0,0,0,0,0,0,1,1,0,0,0,0,0,0
0,0,1,1,0,0,0,0,0,0,1,1,0,0,0,0,1,0,0,0
1,1,1,1,0,0,0,1,0,0,0,0,0,0,0,0,0,0,0,0
1,0,0,0,0,0,0,0,0,0,0,1,1,1,0,1,0,0,0,0
1,1,1,1,1,0,0,0,0,0,0,0,0,0,0,0,0,0,0,0
1,1,1,1,0,1,0,0,0,0,0,0,0,0,0,0,0,0,0,0
1,0,1,1,0,0,0,1,0,0,0,1,0,0,0,0,0,0,0,0
1,1,1,1,0,1,0,0,0,0,0,0,0,0,0,0,0,0,0,0
1,1,1,1,0,0,0,0,0,0,0,0,0,0,1,0,0,0,0,0
1,1,1,1,0,1,0,0,0,0,0,0,0,0,0,0,0,0,0,0
0,1,0,0,0,0,0,0,0,0,1,0,1,1,0,0,1,0,0,0
0,0,0,0,0,0,0,0,0,0,1,1,1,1,0,0,1,0,0,0
0,1,1,0,0,0,0,0,0,0,1,0,0,1,1,0,0,0,0,0
0,0,0,0,0,0,0,0,0,0,1,1,1,1,0,1,0,0,0,0
0,1,0,0,0,0,0,1,0,0,1,0,1,1,0,0,0,0,0,0
0,0,0,0,0,0,1,0,0,0,1,1,1,1,0,0,0,0,0,0
0,0,1,0,0,1,0,0,0,0,1,1,0,1,0,0,0,0,0,0
1,0,0,0,0,0,1,0,0,0,0,1,1,1,0,0,0,0,0,0
1,0,1,1,0,0,0,0,0,0,0,1,0,0,0,0,0,1,0,0
1,1,0,0,1,0,0,0,0,0,0,0,1,1,0,0,0,0,0,0
0,1,1,1,0,0,0,0,0,0,1,0,0,0,0,1,0,0,0,0
0,1,0,0,0,0,0,0,0,0,1,0,1,1,0,0,0,1,0,0
1,0,0,0,0,0,0,0,0,0,0,1,1,1,1,0,0,0,0,0
1,1,0,0,0,0,0,0,0,0,0,0,1,1,0,0,0,1,0,0
0,1,0,0,0,0,1,0,0,0,1,0,1,1,0,0,0,0,0,0
1,0,0,0,1,0,0,0,0,0,0,1,1,1,0,0,0,0,0,0
0,1,0,0,1,0,0,0,0,0,1,0,1,1,0,0,0,0,0,0
1,0,1,1,0,0,0,0,0,0,0,0,0,0,1,0,1,0,0,0
1,1,0,1,0,0,1,0,0,0,0,0,1,0,0,0,0,0,0,0
1,1,1,1,0,1,0,0,0,0,0,0,0,0,0,0,0,0,0,0
1,0,1,1,1,0,0,0,0,0,0,1,0,0,0,0,0,0,0,0
0,0,1,1,1,0,0,0,0,0,1,1,0,0,0,0,0,0,0,0
0,0,1,1,0,1,0,0,0,0,1,1,0,0,0,0,0,0,0,0
1,1,0,1,0,0,0,0,0,0,0,0,1,0,1,0,0,0,0,0
1,1,0,1,0,0,0,0,0,0,0,0,1,0,1,0,0,0,0,0
0,0,0,0,1,0,0,0,0,0,1,1,1,1,0,0,0,0,0,0
0,0,0,0,0,0,0,0,0,0,1,1,1,1,1,0,0,0,0,0
0,0,1,0,0,0,0,0,0,0,1,1,0,1,0,0,1,0,0,0
0,0,1,0,0,0,0,0,0,0,1,1,0,1,0,1,0,0,0,0
0,0,0,0,0,0,0,0,0,0,1,1,1,1,1,0,0,0,0,0
1,1,1,1,0,0,0,0,0,0,0,0,0,0,0,1,0,0,0,0
1,0,1,1,1,0,0,0,0,0,0,1,0,0,0,0,0,0,0,0
0,1,0,0,0,0,0,1,0,0,1,0,1,1,0,0,0,0,0,0
1,1,1,1,1,0,0,0,0,0,0,0,0,0,0,0,0,0,0,0
0,1,1,1,0,0,0,0,0,0,1,0,0,0,0,0,1,0,0,0
1,0,1,1,1,0,0,0,0,0,0,1,0,0,0,0,0,0,0,0
0,0,1,1,1,0,0,0,0,0,1,1,0,0,0,0,0,0,0,0
1,0,0,1,0,0,1,0,0,0,0,1,1,0,0,0,0,0,0,0
1,0,0,0,0,0,0,0,0,0,0,1,1,1,0,0,1,0,0,0
1,0,1,1,0,0,0,0,0,0,0,1,0,0,1,0,0,0,0,0
0,1,0,0,0,0,0,0,0,0,1,0,1,1,1,0,0,0,0,0
1,0,1,1,1,0,0,0,0,0,0,1,0,0,0,0,0,0,0,0
0,1,1,1,0,1,0,0,0,0,1,0,0,0,0,0,0,0,0,0
0,1,1,1,0,1,0,0,0,0,1,0,0,0,0,0,0,0,0,0
0,1,0,0,0,0,0,0,0,0,1,0,1,1,1,0,0,0,0,0
0,1,0,0,0,0,0,0,0,0,1,0,1,1,1,0,0,0,0,0
0,1,1,1,0,0,0,0,0,0,1,0,0,0,0,0,1,0,0,0
1,0,1,1,0,0,0,0,0,0,0,1,0,0,1,0,0,0,0,0
0,1,1,1,0,0,0,0,0,0,1,0,0,0,1,0,0,0,0,0
1,1,1,1,0,0,0,0,0,0,0,0,0,0,0,0,1,0,0,0
1,0,1,1,0,0,0,0,0,0,0,1,0,0,1,0,0,0,0,0
0,1,0,1,0,0,0,0,0,0,1,0,1,0,0,1,0,0,0,0
1,1,0,0,0,0,0,0,0,0,0,0,1,1,1,0,0,0,0,0
0,0,0,0,1,0,0,0,0,0,1,1,1,1,0,0,0,0,0,0
1,0,1,1,0,1,0,0,0,0,0,1,0,0,0,0,0,0,0,0
0,0,1,0,0,1,0,0,0,0,1,1,0,1,0,0,0,0,0,0
0,0,0,0,1,0,0,0,0,0,1,1,1,1,0,0,0,0,0,0
1,0,1,1,0,0,0,0,0,0,0,1,0,0,0,0,1,0,0,0
1,1,1,1,0,0,0,0,0,0,0,0,0,0,1,0,0,0,0,0
1,0,1,1,0,1,0,0,0,0,0,1,0,0,0,0,0,0,0,0
0,1,0,0,0,0,0,0,0,0,1,0,1,1,0,1,0,0,0,0
1,0,0,0,0,1,0,0,0,0,0,1,1,1,0,0,0,0,0,0
1,0,1,1,0,1,0,0,0,0,0,1,0,0,0,0,0,0,0,0
1,1,1,1,0,0,0,0,0,0,0,0,0,0,1,0,0,0,0,0
0,0,0,0,0,0,1,0,0,0,1,1,1,1,0,0,0,0,0,0
1,1,0,0,1,0,0,0,0,0,0,0,1,1,0,0,0,0,0,0
1,1,0,0,1,0,0,0,0,0,0,0,1,1,0,0,0,0,0,0
1,1,1,1,0,0,0,0,0,0,0,0,0,0,1,0,0,0,0,0
0,1,0,0,1,0,0,0,0,0,1,0,1,1,0,0,0,0,0,0
0,0,0,0,0,1,0,0,0,0,1,1,1,1,0,0,0,0,0,0
0,0,0,0,0,1,0,0,0,0,1,1,1,1,0,0,0,0,0,0
0,1,0,0,0,0,0,0,0,0,1,0,1,1,1,0,0,0,0,0
0,1,0,0,1,0,0,0,0,0,1,0,1,1,0,0,0,0,0,0
0,0,0,0,0,1,0,0,0,0,1,1,1,1,0,0,0,0,0,0
0,1,0,1,0,0,0,0,0,0,1,0,1,0,0,1,0,0,0,0
1,1,0,0,0,0,0,0,0,0,0,0,1,1,1,0,0,0,0,0
0,0,0,0,0,0,0,0,0,0,1,1,1,1,0,0,0,1,0,0
1,1,0,0,0,0,1,0,0,0,0,0,1,1,0,0,0,0,0,0
0,1,1,0,0,0,0,0,0,0,1,0,0,1,0,0,1,0,0,0
1,0,1,1,1,0,0,0,0,0,0,0,0,0,0,0,1,0,0,0
1,0,0,0,0,0,0,0,0,0,0,1,1,1,1,0,0,0,0,0
0,1,0,0,0,0,0,0,0,0,1,0,1,1,0,1,0,0,0,0
1,1,0,0,0,0,0,0,0,0,0,0,1,1,1,0,0,0,0,0
1,0,0,0,0,0,0,0,0,0,0,1,1,1,1,0,0,0,0,0
0,0,1,1,0,0,0,1,0,0,1,1,0,0,0,0,0,0,0,0
1,1,1,1,0,0,0,0,0,0,0,0,0,0,0,0,0,1,0,0
1,0,1,1,0,0,0,0,0,0,0,1,0,0,0,0,1,0,0,0
1,0,0,0,1,0,0,0,0,0,0,1,1,1,0,0,0,0,0,0
1,0,1,1,0,1,0,0,0,0,0,1,0,0,0,0,0,0,0,0
1,0,1,1,0,0,0,0,0,0,0,1,0,0,0,0,0,1,0,0
0,1,1,1,0,0,1,0,0,0,1,0,0,0,0,0,0,0,0,0
0,1,1,1,1,0,0,0,0,0,1,0,0,0,0,0,0,0,0,0
0,0,1,0,0,0,0,0,0,0,1,1,0,1,1,0,0,0,0,0
0,1,0,1,0,0,1,0,0,0,1,0,1,0,0,0,0,0,0,0
0,1,1,1,0,0,0,0,0,0,1,0,0,0,0,0,1,0,0,0
0,1,0,0,0,0,1,0,0,0,1,0,1,1,0,0,0,0,0,0
1,0,1,1,0,0,0,0,0,0,0,1,0,0,1,0,0,0,0,0
1,1,1,1,0,0,0,0,0,0,0,0,0,0,1,0,0,0,0,0
0,1,1,0,0,0,0,0,0,0,1,0,0,1,1,0,0,0,0,0
1,0,1,1,0,0,0,1,0,0,0,1,0,0,0,0,0,0,0,0
0,0,1,1,1,0,0,0,0,0,1,1,0,0,0,0,0,0,0,0
1,0,1,1,0,0,0,0,0,0,0,1,0,0,0,1,0,0,0,0
0,1,0,0,0,1,0,0,0,0,1,0,1,1,0,0,0,0,0,0
1,0,1,0,0,1,0,0,0,0,0,1,0,1,0,0,0,0,0,0
0,0,1,1,0,0,0,0,0,0,1,1,0,0,0,0,1,0,0,0
0,1,1,1,0,0,0,0,0,0,1,0,0,0,1,0,0,0,0,0
0,1,0,0,1,0,0,0,0,0,1,0,1,1,0,0,0,0,0,0
1,0,1,1,0,0,0,1,0,0,0,1,0,0,0,0,0,0,0,0
1,1,0,1,1,0,0,0,0,0,0,0,1,0,0,0,0,0,0,0
1,1,0,0,1,0,0,0,0,0,0,0,1,1,0,0,0,0,0,0
0,1,0,0,0,1,0,0,0,0,1,0,1,1,0,0,0,0,0,0
1,0,1,0,1,0,0,0,0,0,0,1,0,1,0,0,0,0,0,0
0,1,1,1,0,1,0,0,0,0,1,0,0,0,0,0,0,0,0,0
1,1,1,1,0,0,0,0,0,0,0,0,0,0,1,0,0,0,0,0
1,0,0,0,1,0,0,0,0,0,0,1,1,1,0,0,0,0,0,0
0,1,1,1,0,0,0,0,0,0,1,0,0,0,1,0,0,0,0,0
0,1,1,1,0,0,0,0,0,0,1,0,0,0,0,1,0,0,0,0
0,0,1,1,1,0,0,0,0,0,1,1,0,0,0,0,0,0,0,0
0,0,1,1,0,0,0,0,0,0,1,1,0,0,1,0,0,0,0,0
0,0,1,1,0,0,0,0,0,0,1,1,0,0,0,1,0,0,0,0
0,1,0,0,0,0,0,0,0,0,1,0,1,1,1,0,0,0,0,0
0,1,0,0,0,0,0,0,0,0,1,0,1,1,0,0,0,1,0,0
1,0,1,1,0,0,0,0,0,0,0,1,0,0,1,0,0,0,0,0
1,1,1,1,1,0,0,0,0,0,0,0,0,0,0,0,0,0,0,0
0,0,0,0,0,0,0,1,0,0,1,1,1,1,0,0,0,0,0,0
1,1,0,0,0,1,0,0,0,0,0,0,1,1,0,0,0,0,0,0
1,1,1,1,0,1,0,0,0,0,0,0,0,0,0,0,0,0,0,0
1,0,0,0,1,0,0,0,0,0,0,1,1,1,0,0,0,0,0,0
1,0,0,0,0,0,0,0,0,0,0,1,1,1,0,1,0,0,0,0
1,1,0,1,0,0,0,0,0,0,0,0,1,0,1,0,0,0,0,0
1,0,0,0,1,0,0,0,0,0,0,1,1,1,0,0,0,0,0,0
0,0,0,0,0,0,0,0,0,0,1,1,1,1,0,1,0,0,0,0
1,1,0,0,0,0,0,0,0,0,0,0,1,1,0,0,0,1,0,0
0,1,1,1,1,0,0,0,0,0,1,0,0,0,0,0,0,0,0,0
0,0,1,0,1,0,0,0,0,0,1,1,0,1,0,0,0,0,0,0
1,0,1,1,1,0,0,0,0,0,0,1,0,0,0,0,0,0,0,0
0,1,0,0,0,0,1,0,0,0,1,0,1,1,0,0,0,0,0,0
0,0,1,0,1,0,0,0,0,0,1,1,0,1,0,0,0,0,0,0
1,0,1,1,0,0,0,0,0,0,0,1,0,0,1,0,0,0,0,0
0,1,1,1,0,0,0,1,0,0,1,0,0,0,0,0,0,0,0,0
1,0,0,0,0,0,1,0,0,0,0,1,1,1,0,0,0,0,0,0
1,0,1,0,0,1,0,0,0,0,0,1,0,1,0,0,0,0,0,0
1,1,1,1,0,0,0,0,0,0,0,0,0,0,1,0,0,0,0,0
1,0,0,0,0,0,1,0,0,0,0,1,1,1,0,0,0,0,0,0
1,0,1,1,0,0,0,0,0,0,0,1,0,0,0,0,1,0,0,0
1,0,1,1,0,0,0,0,0,0,0,1,0,0,1,0,0,0,0,0
1,1,1,1,1,0,0,0,0,0,0,0,0,0,0,0,0,0,0,0
1,0,0,1,1,0,0,0,0,0,0,1,1,0,0,0,0,0,0,0
0,1,1,1,0,0,0,1,0,0,1,0,0,0,0,0,0,0,0,0
1,0,1,1,0,0,0,0,0,0,0,1,0,0,0,0,1,0,0,0
0,1,1,0,0,0,0,0,0,0,1,0,0,1,1,0,0,0,0,0
0,1,0,0,0,0,0,0,0,0,1,0,1,1,0,0,0,1,0,0
1,1,0,0,0,0,0,0,0,0,0,0,1,1,1,0,0,0,0,0
1,1,0,0,0,0,0,0,0,0,0,0,1,1,0,0,0,1,0,0
1,0,1,1,0,0,0,0,0,0,0,1,0,0,0,0,0,1,0,0
0,1,0,0,0,1,0,0,0,0,1,0,1,1,0,0,0,0,0,0
0,1,0,0,1,0,0,0,0,0,1,0,1,1,0,0,0,0,0,0
0,0,1,0,0,0,0,0,0,0,1,1,0,1,0,1,0,0,0,0
1,0,0,1,1,0,0,0,0,0,0,1,1,0,0,0,0,0,0,0
0,1,1,1,0,0,0,0,0,0,1,0,0,0,0,0,0,1,0,0
1,1,0,0,0,0,0,0,0,0,0,0,1,1,1,0,0,0,0,0
1,1,0,0,0,0,0,0,0,0,0,0,1,1,0,0,0,1,0,0
0,0,1,1,0,0,0,0,0,0,1,1,0,0,0,0,1,0,0,0
0,0,0,0,0,0,0,0,0,0,1,1,1,1,0,0,1,0,0,0
0,0,1,1,1,0,0,0,0,0,1,1,0,0,0,0,0,0,0,0
0,1,0,1,0,0,1,0,0,0,1,0,1,0,0,0,0,0,0,0
1,1,0,0,0,0,0,0,0,0,0,0,1,1,1,0,0,0,0,0
0,1,1,1,1,0,0,0,0,0,1,0,0,0,0,0,0,0,0,0
1,0,0,1,1,0,0,0,0,0,0,1,1,0,0,0,0,0,0,0
1,0,1,1,0,0,0,1,0,0,0,1,0,0,0,0,0,0,0,0
0,1,1,1,0,0,0,0,0,0,1,0,0,0,1,0,0,0,0,0
0,1,0,0,0,0,0,0,0,0,1,0,1,1,0,1,0,0,0,0
0,1,0,0,0,0,1,0,0,0,1,0,1,1,0,0,0,0,0,0
0,1,0,0,1,0,0,0,0,0,1,0,1,1,0,0,0,0,0,0
1,1,0,0,0,0,1,0,0,0,0,0,1,1,0,0,0,0,0,0
1,1,0,1,0,0,0,0,0,0,0,0,1,0,0,1,0,0,0,0
1,0,1,1,0,0,0,0,0,0,0,1,0,0,0,0,0,1,0,0
1,0,1,1,0,0,0,0,0,0,0,1,0,0,1,0,0,0,0,0
0,1,0,1,0,0,0,0,0,0,1,0,1,0,1,0,0,0,0,0
0,1,0,0,0,0,0,0,0,0,1,0,1,1,0,1,0,0,0,0
1,1,0,0,0,0,0,0,0,0,0,0,1,1,0,0,1,0,0,0
0,0,0,0,1,0,0,0,0,0,1,1,1,1,0,0,0,0,0,0
1,1,0,1,0,0,1,0,0,0,0,0,1,0,0,0,0,0,0,0
0,1,0,0,0,0,0,0,0,0,1,0,1,1,0,0,1,0,0,0
1,1,1,1,0,1,0,0,0,0,0,0,0,0,0,0,0,0,0,0
0,1,0,0,0,0,1,0,0,0,1,0,1,1,0,0,0,0,0,0
1,0,1,1,1,0,0,0,0,0,0,1,0,0,0,0,0,0,0,0
0,0,1,0,0,0,0,0,0,0,1,1,0,1,0,0,1,0,0,0
0,0,1,1,0,0,0,0,0,0,1,1,0,0,1,0,0,0,0,0
1,0,1,1,0,0,0,0,0,0,0,1,0,0,1,0,0,0,0,0
1,0,0,0,0,0,0,0,0,0,0,1,1,1,1,0,0,0,0,0
1,0,0,0,0,0,1,0,0,0,0,1,1,1,0,0,0,0,0,0
0,1,0,0,0,0,0,0,0,0,1,0,1,1,0,1,0,0,0,0
0,0,0,0,0,0,1,0,0,0,1,1,1,1,0,0,0,0,0,0
0,0,1,0,0,0,0,0,0,0,1,1,0,1,1,0,0,0,0,0
0,1,1,1,0,0,0,0,0,0,1,0,0,0,1,0,0,0,0,0
0,1,0,0,0,0,0,0,0,0,1,0,1,1,0,1,0,0,0,0
0,0,1,1,0,0,0,0,0,0,1,1,0,0,1,0,0,0,0,0
1,1,1,1,0,0,0,0,0,0,0,0,0,0,0,0,1,0,0,0
0,0,0,0,1,0,0,0,0,0,1,1,1,1,0,0,0,0,0,0
1,1,1,1,0,0,0,0,0,0,0,0,0,0,1,0,0,0,0,0
1,1,1,1,1,0,0,0,0,0,0,0,0,0,0,0,0,0,0,0
0,1,0,0,1,0,0,0,0,0,1,0,1,1,0,0,0,0,0,0
1,1,0,0,1,0,0,0,0,0,0,0,1,1,0,0,0,0,0,0
1,0,0,0,0,0,1,0,0,0,0,1,1,1,0,0,0,0,0,0
1,0,1,1,0,0,0,0,0,0,0,1,0,0,1,0,0,0,0,0
0,1,0,0,0,0,0,0,0,0,1,0,1,1,0,0,0,1,0,0
0,1,1,1,0,0,0,0,0,0,1,0,0,0,0,0,1,0,0,0
0,0,1,1,0,0,0,0,0,0,1,1,0,0,1,0,0,0,0,0
0,0,1,0,1,0,0,0,0,0,1,1,0,1,0,0,0,0,0,0
0,1,0,0,0,0,1,0,0,0,1,0,1,1,0,0,0,0,0,0
1,1,0,0,0,0,0,0,0,0,0,0,1,1,1,0,0,0,0,0
1,0,1,1,0,0,0,0,0,0,0,1,0,0,1,0,0,0,0,0
1,0,1,1,0,0,0,0,0,0,0,1,0,0,0,0,0,1,0,0
0,0,0,0,0,0,0,0,0,0,1,1,1,1,1,0,0,0,0,0
0,0,0,0,0,0,1,0,0,0,1,1,1,1,0,0,0,0,0,0
1,0,1,1,0,0,0,0,0,0,0,1,0,0,0,0,1,0,0,0
0,1,0,0,1,0,0,0,0,0,1,0,1,1,0,0,0,0,0,0
0,0,1,1,1,0,0,0,0,0,1,1,0,0,0,0,0,0,0,0
1,0,1,1,0,1,0,0,0,0,0,1,0,0,0,0,0,0,0,0
1,1,1,1,0,0,0,0,0,0,0,0,0,0,0,1,0,0,0,0
0,1,0,0,0,0,0,0,0,0,1,0,1,1,0,0,0,1,0,0
0,0,1,1,0,0,0,0,0,0,1,1,0,0,1,0,0,0,0,0
1,0,1,0,0,0,0,0,0,0,0,1,0,1,0,0,1,0,0,0
0,0,1,1,0,0,0,0,0,0,1,1,0,0,1,0,0,0,0,0
1,0,1,0,0,0,0,0,0,0,0,1,0,1,1,0,0,0,0,0
1,0,0,1,1,0,0,0,0,0,0,1,1,0,0,0,0,0,0,0
0,1,0,0,0,0,0,0,0,0,1,0,1,1,1,0,0,0,0,0
0,0,1,1,0,0,0,0,0,0,1,1,0,0,1,0,0,0,0,0
0,0,0,0,0,0,0,0,0,0,1,1,1,1,0,1,0,0,0,0
1,0,1,1,1,0,0,0,0,0,0,1,0,0,0,0,0,0,0,0
1,1,1,1,0,0,0,0,0,0,0,0,0,0,1,0,0,0,0,0
0,0,0,0,0,0,0,0,0,0,1,1,1,1,0,0,0,1,0,0
0,1,1,1,0,0,0,1,0,0,1,0,0,0,0,0,0,0,0,0
0,1,0,0,0,0,0,0,0,0,1,0,1,1,1,0,0,0,0,0
0,0,0,0,0,1,0,0,0,0,1,1,1,1,0,0,0,0,0,0
1,0,1,1,0,0,0,0,0,0,0,1,0,0,0,1,0,0,0,0
1,1,1,1,0,1,0,0,0,0,0,0,0,0,0,0,0,0,0,0
1,0,0,0,1,0,0,0,0,0,0,1,1,1,0,0,0,0,0,0
0,0,1,1,0,0,0,1,0,0,1,1,0,0,0,0,0,0,0,0
0,0,0,0,0,0,0,0,0,0,1,1,1,1,1,0,0,0,0,0
0,1,1,1,0,0,0,0,0,0,1,0,0,0,1,0,0,0,0,0
1,1,1,1,1,0,0,0,0,0,0,0,0,0,0,0,0,0,0,0
0,0,0,0,0,1,0,0,0,0,1,1,1,1,0,0,0,0,0,0
0,0,0,0,0,0,0,0,0,0,1,1,1,1,0,1,0,0,0,0
0,0,0,0,1,0,0,0,0,0,1,1,1,1,0,0,0,0,0,0
0,0,0,0,1,0,0,0,0,0,1,1,1,1,0,0,0,0,0,0
1,0,0,0,1,0,0,0,0,0,0,1,1,1,0,0,0,0,0,0
0,1,1,0,0,0,0,0,0,0,1,0,0,1,1,0,0,0,0,0
0,1,0,0,1,0,0,0,0,0,1,0,1,1,0,0,0,0,0,0
0,0,0,0,1,0,0,0,0,0,1,1,1,1,0,0,0,0,0,0
1,0,1,1,0,1,0,0,0,0,0,1,0,0,0,0,0,0,0,0
0,0,1,1,0,0,0,0,0,0,1,1,0,0,0,1,0,0,0,0
1,1,0,0,0,0,0,0,0,0,0,0,1,1,0,0,0,1,0,0
1,0,1,0,0,0,0,0,0,0,0,1,0,1,1,0,0,0,0,0
0,0,0,0,1,0,0,0,0,0,1,1,1,1,0,0,0,0,0,0
1,0,0,1,0,0,1,0,0,0,0,1,1,0,0,0,0,0,0,0
1,0,1,1,0,0,0,0,0,0,0,1,0,0,0,1,0,0,0,0
1,1,0,0,1,0,0,0,0,0,0,0,1,1,0,0,0,0,0,0
0,1,0,0,1,0,0,0,0,0,1,0,1,1,0,0,0,0,0,0
1,1,1,1,1,0,0,0,0,0,0,0,0,0,0,0,0,0,0,0
0,0,0,0,0,0,0,0,0,0,1,1,1,1,0,1,0,0,0,0
0,0,1,1,0,0,0,0,0,0,1,1,0,0,0,1,0,0,0,0
0,0,0,0,0,0,0,0,0,0,1,1,1,1,1,0,0,0,0,0
1,0,0,0,1,0,0,0,0,0,0,1,1,1,0,0,0,0,0,0
0,0,0,0,1,0,0,0,0,0,1,1,1,1,0,0,0,0,0,0
0,0,1,1,0,0,0,0,0,0,1,1,0,0,0,1,0,0,0,0
1,1,0,1,0,0,0,0,0,0,0,0,1,0,1,0,0,0,0,0
0,1,0,0,0,0,1,0,0,0,1,0,1,1,0,0,0,0,0,0
1,0,1,1,0,0,0,0,0,0,0,1,0,0,0,0,1,0,0,0
1,0,1,1,0,0,0,0,0,0,0,1,0,0,1,0,0,0,0,0
0,1,1,1,1,0,0,0,0,0,1,0,0,0,0,0,0,0,0,0
0,1,1,0,0,0,0,0,0,0,1,0,0,1,1,0,0,0,0,0
1,1,1,1,0,0,0,0,0,0,0,0,0,0,0,0,1,0,0,0
1,1,1,1,0,0,0,0,0,0,0,0,0,0,0,0,1,0,0,0
1,1,0,0,1,0,0,0,0,0,0,0,1,1,0,0,0,0,0,0
0,0,1,1,0,0,0,1,0,0,1,1,0,0,0,0,0,0,0,0
1,0,1,1,1,0,0,0,0,0,0,1,0,0,0,0,0,0,0,0
1,0,1,1,0,0,1,0,0,0,0,1,0,0,0,0,0,0,0,0
0,1,0,0,0,0,1,0,0,0,1,0,1,1,0,0,0,0,0,0
0,0,0,0,0,0,0,0,0,0,1,1,1,1,0,1,0,0,0,0
1,1,1,1,0,0,0,0,0,0,0,0,0,0,1,0,0,0,0,0
1,0,0,0,0,0,0,1,0,0,0,1,1,1,0,0,0,0,0,0
1,0,1,1,1,0,0,0,0,0,0,1,0,0,0,0,0,0,0,0
0,1,0,0,0,1,0,0,0,0,1,0,1,1,0,0,0,0,0,0
0,1,0,0,0,0,1,0,0,0,1,0,1,1,0,0,0,0,0,0
1,1,0,0,0,0,1,0,0,0,0,0,1,1,0,0,0,0,0,0
1,1,0,0,0,0,0,0,0,0,0,0,1,1,0,0,0,1,0,0
0,1,0,1,0,0,0,0,0,0,1,0,1,0,1,0,0,0,0,0
1,0,0,0,0,0,0,0,0,0,0,1,1,1,0,0,0,1,0,0
0,1,0,0,0,0,0,0,0,0,1,0,1,1,0,1,0,0,0,0
0,0,0,0,1,0,0,0,0,0,1,1,1,1,0,0,0,0,0,0
0,1,0,0,1,0,0,0,0,0,1,0,1,1,0,0,0,0,0,0
0,0,1,1,1,0,0,0,0,0,1,1,0,0,0,0,0,0,0,0
1,1,1,1,0,0,0,0,0,0,0,0,0,0,0,1,0,0,0,0
1,1,1,1,0,1,0,0,0,0,0,0,0,0,0,0,0,0,0,0
0,1,1,1,0,0,0,0,0,0,1,0,0,0,1,0,0,0,0,0
0,1,0,0,0,1,0,0,0,0,1,0,1,1,0,0,0,0,0,0
0,0,1,1,0,0,0,0,0,0,1,1,0,0,0,0,1,0,0,0
1,1,0,0,0,0,0,0,0,0,0,0,1,1,1,0,0,0,0,0
0,1,0,0,1,0,0,0,0,0,1,0,1,1,0,0,0,0,0,0
1,0,0,0,1,0,0,0,0,0,0,1,1,1,0,0,0,0,0,0
0,1,0,0,0,0,0,0,0,0,1,0,1,1,1,0,0,0,0,0
1,0,1,1,0,0,0,0,0,0,0,1,0,0,1,0,0,0,0,0
1,1,0,0,0,0,1,0,0,0,0,0,1,1,0,0,0,0,0,0
0,0,1,1,0,0,0,1,0,0,1,1,0,0,0,0,0,0,0,0
1,1,0,0,1,0,0,0,0,0,0,0,1,1,0,0,0,0,0,0
0,0,0,0,1,0,0,0,0,0,1,1,1,1,0,0,0,0,0,0
0,1,0,0,0,0,0,0,0,0,1,0,1,1,1,0,0,0,0,0
0,1,1,1,0,0,0,0,0,0,1,0,0,0,1,0,0,0,0,0
1,1,1,1,0,0,0,0,0,0,0,0,0,0,0,1,0,0,0,0
0,1,1,1,0,0,0,0,0,0,1,0,0,0,1,0,0,0,0,0
0,0,0,0,0,0,0,0,0,0,1,1,1,1,1,0,0,0,0,0
0,1,0,0,1,0,0,0,0,0,1,0,1,1,0,0,0,0,0,0
0,1,0,0,1,0,0,0,0,0,1,0,1,1,0,0,0,0,0,0
0,1,1,1,0,0,0,0,0,0,1,0,0,0,1,0,0,0,0,0
0,0,1,1,0,0,1,0,0,0,1,1,0,0,0,0,0,0,0,0
1,0,0,0,0,0,0,0,0,0,0,1,1,1,0,0,0,1,0,0
1,1,1,1,0,0,0,0,0,0,0,0,0,0,1,0,0,0,0,0
1,1,1,1,0,0,1,0,0,0,0,0,0,0,0,0,0,0,0,0
1,0,1,1,0,0,0,0,0,0,0,1,0,0,0,1,0,0,0,0
1,1,1,1,1,0,0,0,0,0,0,0,0,0,0,0,0,0,0,0
0,0,1,1,0,0,1,0,0,0,1,1,0,0,0,0,0,0,0,0
0,1,0,0,1,0,0,0,0,0,1,0,1,1,0,0,0,0,0,0
0,0,1,1,0,0,0,0,0,0,1,1,0,0,1,0,0,0,0,0
1,0,1,1,0,0,0,0,0,0,0,1,0,0,0,1,0,0,0,0
1,1,0,0,1,0,0,0,0,0,0,0,1,1,0,0,0,0,0,0
0,1,0,0,0,0,0,0,0,0,1,0,1,1,1,0,0,0,0,0
0,0,1,1,0,1,0,0,0,0,1,1,0,0,0,0,0,0,0,0
0,1,1,1,0,0,0,0,0,0,1,0,0,0,0,0,0,1,0,0
0,1,0,0,0,0,0,0,0,0,1,0,1,1,1,0,0,0,0,0
0,0,1,1,0,0,0,0,0,0,1,1,0,0,0,0,1,0,0,0
0,0,1,1,1,0,0,0,0,0,1,1,0,0,0,0,0,0,0,0
0,1,0,0,1,0,0,0,0,0,1,0,1,1,0,0,0,0,0,0
0,0,1,1,0,0,0,0,0,0,1,1,0,0,1,0,0,0,0,0
0,1,0,0,0,0,0,1,0,0,1,0,1,1,0,0,0,0,0,0
0,1,0,0,1,0,0,0,0,0,1,0,1,1,0,0,0,0,0,0
1,1,0,0,0,0,0,0,0,0,0,0,1,1,0,1,0,0,0,0
1,1,0,0,0,0,0,0,0,0,0,0,1,1,1,0,0,0,0,0
1,1,1,1,0,0,0,0,0,0,0,0,0,0,0,1,0,0,0,0
1,1,0,0,1,0,0,0,0,0,0,0,1,1,0,0,0,0,0,0
1,0,1,1,0,0,0,0,0,0,0,1,0,0,1,0,0,0,0,0
0,0,1,1,0,0,0,0,0,0,1,1,0,0,1,0,0,0,0,0
1,0,1,1,0,0,0,0,0,0,0,1,0,0,0,1,0,0,0,0
1,1,0,0,1,0,0,0,0,0,0,0,1,1,0,0,0,0,0,0
0,0,0,0,0,1,0,0,0,0,1,1,1,1,0,0,0,0,0,0
0,1,0,0,0,0,0,0,0,0,1,0,1,1,1,0,0,0,0,0
0,0,1,1,0,0,0,0,0,0,1,1,0,0,1,0,0,0,0,0
0,0,1,1,0,0,0,0,0,0,1,1,0,0,0,0,1,0,0,0
0,1,0,0,1,0,0,0,0,0,1,0,1,1,0,0,0,0,0,0
0,0,1,1,0,0,0,0,0,0,1,1,0,0,1,0,0,0,0,0
1,0,1,1,0,0,0,0,0,0,0,1,0,0,0,1,0,0,0,0
0,1,1,1,0,0,0,0,0,0,1,0,0,0,0,0,1,0,0,0
1,0,1,1,0,0,0,0,0,0,0,1,0,0,0,0,1,0,0,0
0,0,1,1,0,0,0,0,0,0,1,1,0,0,1,0,0,0,0,0
1,0,1,1,1,0,0,0,0,0,0,1,0,0,0,0,0,0,0,0
1,1,1,1,0,0,0,0,0,0,0,0,0,0,0,0,1,0,0,0
1,0,1,1,0,0,0,1,0,0,0,1,0,0,0,0,0,0,0,0
1,0,1,1,0,1,0,0,0,0,0,1,0,0,0,0,0,0,0,0
1,0,1,1,0,0,0,0,0,0,0,1,0,0,1,0,0,0,0,0
0,0,1,1,1,0,0,0,0,0,1,1,0,0,0,0,0,0,0,0
0,0,1,1,0,0,0,1,0,0,1,1,0,0,0,0,0,0,0,0
1,1,1,1,0,0,1,0,0,0,0,0,0,0,0,0,0,0,0,0
1,1,0,0,0,0,0,0,0,0,0,0,1,1,1,0,0,0,0,0
0,0,1,1,1,0,0,0,0,0,1,1,0,0,0,0,0,0,0,0
0,1,0,0,0,0,0,0,0,0,1,0,1,1,0,1,0,0,0,0
0,1,0,0,1,0,0,0,0,0,1,0,1,1,0,0,0,0,0,0
0,0,1,1,0,0,0,0,0,0,1,1,0,0,1,0,0,0,0,0
1,1,0,0,0,0,0,0,0,0,0,0,1,1,1,0,0,0,0,0
0,0,1,1,0,0,0,0,0,0,1,1,0,0,1,0,0,0,0,0
0,0,1,1,1,0,0,0,0,0,1,1,0,0,0,0,0,0,0,0
0,0,1,1,0,0,0,0,0,0,1,1,0,0,1,0,0,0,0,0
1,1,1,1,0,1,0,0,0,0,0,0,0,0,0,0,0,0,0,0
0,1,1,1,0,0,0,0,0,0,1,0,0,0,1,0,0,0,0,0
0,0,0,0,1,0,0,0,0,0,1,1,1,1,0,0,0,0,0,0
0,1,0,0,0,1,0,0,0,0,1,0,1,1,0,0,0,0,0,0
1,1,0,0,1,0,0,0,0,0,0,0,1,1,0,0,0,0,0,0
1,0,1,1,0,0,0,0,0,0,0,1,0,0,0,0,1,0,0,0
0,1,1,1,0,0,0,0,0,0,1,0,0,0,1,0,0,0,0,0
1,0,1,1,0,0,0,0,0,0,0,1,0,0,1,0,0,0,0,0
0,0,0,0,0,0,0,0,0,0,1,1,1,1,0,0,1,0,0,0
0,0,0,0,1,0,0,0,0,0,1,1,1,1,0,0,0,0,0,0
0,0,1,1,1,0,0,0,0,0,1,1,0,0,0,0,0,0,0,0
1,1,0,0,0,1,0,0,0,0,0,0,1,1,0,0,0,0,0,0
1,1,1,1,0,1,0,0,0,0,0,0,0,0,0,0,0,0,0,0
0,0,1,1,0,0,0,0,0,0,1,1,0,0,1,0,0,0,0,0
1,1,0,0,1,0,0,0,0,0,0,0,1,1,0,0,0,0,0,0
1,1,0,0,0,0,0,0,0,0,0,0,1,1,0,0,1,0,0,0
