CAAGC,CCACCG,CCTATAA,AGGGGGGA,CTACGAAAT,AGGCGGGAAG,AAACTGTATAC,ATCGTGCTGCGT,AACGTTGGGTGTC,AATGGTCTAACACT,GCTTG,CGGTGG,TTATAGG,TCCCCCCT,ATTTCGTAG,CTTCCCGCCT,GTATACAGTTT,ACGCAGCACGAT,GACACCCAACGTT,AGTGTTAGACCATT
0,1,1,0,0,0,0,0,0,0,1,0,0,1,0,1,0,0,0,0
0,0,0,1,0,0,0,0,0,0,1,1,1,0,1,0,0,0,0,0
0,1,0,1,0,0,0,0,0,0,1,0,1,0,0,0,1,0,0,0
1,0,1,0,1,0,0,0,0,0,0,1,0,1,0,0,0,0,0,0
0,0,0,1,0,0,0,0,0,0,1,1,1,0,0,0,1,0,0,0
1,1,0,1,0,1,0,0,0,0,0,0,1,0,0,0,0,0,0,0
0,1,0,1,1,0,0,0,0,0,1,0,1,0,0,0,0,0,0,0
0,0,0,1,1,0,0,0,0,0,1,1,1,0,0,0,0,0,0,0
0,0,1,0,0,0,0,0,0,0,1,1,0,1,0,1,0,0,0,0
1,1,0,1,1,0,0,0,0,0,0,0,1,0,0,0,0,0,0,0
0,1,0,1,0,1,0,0,0,0,1,0,1,0,0,0,0,0,0,0
1,1,0,1,1,0,0,0,0,0,0,0,1,0,0,0,0,0,0,0
0,0,1,0,0,0,1,0,0,0,1,1,0,1,0,0,0,0,0,0
0,1,0,1,1,0,0,0,0,0,1,0,1,0,0,0,0,0,0,0
1,0,1,0,0,0,1,0,0,0,0,1,0,1,0,0,0,0,0,0
1,0,0,1,0,0,0,0,0,0,0,1,1,0,0,0,1,0,0,0
1,0,0,1,1,0,0,0,0,0,0,1,1,0,0,0,0,0,0,0
1,1,0,1,1,0,0,0,0,0,0,0,1,0,0,0,0,0,0,0
0,0,0,1,0,1,0,0,0,0,1,1,1,0,0,0,0,0,0,0
1,0,1,0,0,0,0,0,0,0,0,1,0,1,1,0,0,0,0,0
1,1,1,0,0,0,1,0,0,0,0,0,0,1,0,0,0,0,0,0
0,1,0,1,0,0,0,0,0,0,1,0,1,0,1,0,0,0,0,0
1,0,0,1,0,1,0,0,0,0,0,1,1,0,0,0,0,0,0,0
0,0,0,1,0,0,0,0,0,0,1,1,1,0,1,0,0,0,0,0
1,1,0,1,0,0,0,0,0,0,0,0,1,0,0,0,1,0,0,0
0,0,0,1,0,1,0,0,0,0,1,1,1,0,0,0,0,0,0,0
0,1,0,1,0,0,0,0,0,0,1,0,1,0,1,0,0,0,0,0
1,1,0,1,1,0,0,0,0,0,0,0,1,0,0,0,0,0,0,0
1,1,0,1,0,1,0,0,0,0,0,0,1,0,0,0,0,0,0,0
1,1,1,0,0,0,0,0,0,0,0,0,0,1,0,1,0,0,0,0
1,0,1,0,0,0,0,0,0,0,0,1,0,1,0,1,0,0,0,0
1,0,0,1,1,0,0,0,0,0,0,1,1,0,0,0,0,0,0,0
0,1,1,0,0,0,0,0,0,0,1,0,0,1,1,0,0,0,0,0
1,0,0,1,1,0,0,0,0,0,0,1,1,0,0,0,0,0,0,0
1,0,1,0,0,0,0,0,0,0,0,1,0,1,0,1,0,0,0,0
0,0,0,1,1,0,0,0,0,0,1,1,1,0,0,0,0,0,0,0
0,0,1,0,0,0,0,0,0,0,1,1,0,1,0,1,0,0,0,0
0,0,1,0,0,0,0,0,0,0,1,1,0,1,1,0,0,0,0,0
0,1,0,1,0,1,0,0,0,0,1,0,1,0,0,0,0,0,0,0
0,0,1,0,1,0,0,0,0,0,1,1,0,1,0,0,0,0,0,0
1,1,1,0,0,0,0,0,0,0,0,0,0,1,0,1,0,0,0,0
0,1,1,0,1,0,0,0,0,0,1,0,0,1,0,0,0,0,0,0
0,1,1,0,0,0,0,0,0,0,1,0,0,1,0,1,0,0,0,0
1,1,1,0,1,0,0,0,0,0,0,0,0,1,0,0,0,0,0,0
1,0,0,1,0,1,0,0,0,0,0,1,1,0,0,0,0,0,0,0
0,1,0,1,0,0,0,0,0,0,1,0,1,0,1,0,0,0,0,0
0,1,1,0,0,0,1,0,0,0,1,0,0,1,0,0,0,0,0,0
1,1,1,0,1,0,0,0,0,0,0,0,0,1,0,0,0,0,0,0
0,1,1,0,0,0,0,0,0,0,1,0,0,1,1,0,0,0,0,0
0,1,1,0,0,0,0,0,0,0,1,0,0,1,1,0,0,0,0,0
0,1,1,0,0,0,0,0,0,0,1,0,0,1,1,0,0,0,0,0
1,1,1,0,0,0,0,0,0,0,0,0,0,1,1,0,0,0,0,0
1,1,1,0,0,0,0,0,0,0,0,0,0,1,1,0,0,0,0,0
1,0,1,0,1,0,0,0,0,0,0,1,0,1,0,0,0,0,0,0
0,0,0,1,0,0,0,0,0,0,1,1,1,0,1,0,0,0,0,0
1,1,0,1,0,0,0,0,0,0,0,0,1,0,1,0,0,0,0,0
1,1,1,0,1,0,0,0,0,0,0,0,0,1,0,0,0,0,0,0
0,0,1,0,0,0,0,0,0,0,1,1,0,1,1,0,0,0,0,0
0,0,1,0,0,0,0,0,0,0,1,1,0,1,1,0,0,0,0,0
1,1,1,0,1,0,0,0,0,0,0,0,0,1,0,0,0,0,0,0
0,1,1,0,1,0,0,0,0,0,1,0,0,1,0,0,0,0,0,0
1,0,0,1,0,0,0,0,0,0,0,1,1,0,1,0,0,0,0,0
1,0,0,1,1,0,0,0,0,0,0,1,1,0,0,0,0,0,0,0
1,0,1,0,0,0,0,0,0,0,0,1,0,1,1,0,0,0,0,0
1,0,0,1,0,0,0,0,0,0,0,1,1,0,1,0,0,0,0,0
1,0,1,0,1,0,0,0,0,0,0,1,0,1,0,0,0,0,0,0
0,1,0,1,0,0,0,0,0,0,1,0,1,0,1,0,0,0,0,0
0,0,0,1,0,0,0,0,0,0,1,1,1,0,1,0,0,0,0,0
1,1,0,1,0,0,0,0,0,0,0,0,1,0,1,0,0,0,0,0
0,0,1,0,0,0,0,0,0,0,1,1,0,1,1,0,0,0,0,0
0,0,1,0,1,0,0,0,0,0,1,1,0,1,0,0,0,0,0,0
1,0,1,0,1,0,0,0,0,0,0,1,0,1,0,0,0,0,0,0
