ACGTTCAGAA,GCGCGCGACT,GTACCGTCGT,TAAGCACCTG,ACGTACTCGC,CATTTAGAGG,CGTCTTCTAT,CATAGTTAGG,CTACGGATCC,TCCTCTAGGA,TTCTGAACGT,AGTCGCGCGC,ACGACGGTAC,CAGGTGCTTA,GCGAGTACGT,CCTCTAAATG,ATAGAAGACG,CCTAACTATG,GGATCCGTAG,TCCTAGAGGA
0,1,0,0,1,0,0,0,0,1,0,0,1,0,0,0,1,0,1,0
0,1,0,0,1,1,0,0,1,1,0,0,0,0,0,0,1,0,0,0
0,1,1,0,1,0,1,0,0,1,1,0,0,0,0,0,0,0,0,0
1,0,1,0,0,0,0,0,0,0,0,0,0,0,1,0,0,1,1,1
0,1,0,0,1,0,0,0,1,1,1,0,0,0,0,0,1,0,0,0
1,0,0,0,0,0,0,0,1,1,0,1,1,0,1,0,0,0,0,0
1,0,0,0,0,0,0,1,1,0,0,0,1,0,1,0,1,0,0,0
0,0,0,0,0,1,0,0,0,0,0,1,1,0,1,0,1,0,1,0
0,1,0,0,1,0,0,0,1,1,0,0,0,1,0,0,1,0,0,0
1,1,0,0,0,0,0,0,1,0,0,0,1,0,0,0,1,0,0,1
0,0,0,0,1,0,0,0,1,0,0,0,1,1,0,0,1,0,0,1
0,1,0,0,1,0,0,0,1,1,0,0,0,1,0,0,1,0,0,0
1,0,0,0,0,0,0,0,0,1,0,0,1,0,1,1,1,0,0,0
0,0,1,0,1,0,1,1,0,0,1,0,0,0,0,0,0,0,1,0
0,0,1,0,0,0,1,0,0,0,0,1,0,0,1,0,0,0,1,1
0,0,1,0,1,0,1,0,0,0,1,0,0,0,0,1,0,0,0,1
0,1,1,0,1,0,1,0,1,0,1,0,0,0,0,0,0,0,0,0
0,0,1,0,1,0,1,0,1,1,1,0,0,0,0,0,0,0,0,0
1,0,0,0,0,0,0,1,0,0,0,1,1,0,1,0,1,0,0,0
1,0,1,0,0,0,0,0,0,0,0,1,0,0,1,0,1,0,1,0
0,0,1,0,1,0,1,0,0,0,1,0,0,1,0,0,0,1,0,0
0,1,0,1,1,0,0,0,0,1,1,0,0,0,0,0,0,0,1,0
0,1,0,0,1,0,0,0,1,1,0,0,1,0,0,0,1,0,0,0
0,0,1,0,1,0,1,0,0,0,1,0,0,0,0,0,0,0,1,1
0,1,1,0,1,0,1,0,0,1,1,0,0,0,0,0,0,0,0,0
0,0,1,0,1,0,1,0,1,0,1,0,0,0,0,0,0,0,0,1
0,0,0,0,0,1,1,0,0,1,0,1,0,0,1,0,0,0,1,0
1,0,0,0,0,0,0,0,0,1,0,0,1,0,1,0,1,0,1,0
0,0,0,0,1,0,0,0,0,0,1,1,0,0,0,1,0,0,1,1
0,1,1,1,1,0,1,0,0,0,1,0,0,0,0,0,0,0,0,0
0,1,0,0,1,0,0,0,0,0,0,0,1,0,0,0,1,0,1,1
1,0,0,0,0,0,0,0,0,0,0,1,0,0,1,0,0,1,1,1
0,1,1,0,1,0,1,0,0,0,1,0,0,0,0,0,0,1,0,0
0,1,0,0,1,0,0,0,1,0,0,0,1,0,0,0,1,0,0,1
1,0,0,0,0,0,0,0,0,1,0,1,0,0,1,0,1,0,1,0
0,1,0,0,1,0,0,1,1,0,1,0,0,0,0,0,0,0,0,1
0,1,0,0,1,0,1,0,1,0,1,0,1,0,0,0,0,0,0,0
0,0,0,0,1,0,0,0,1,0,1,0,1,1,0,0,0,0,0,1
0,0,1,0,1,0,1,0,0,1,1,0,0,0,0,0,0,0,1,0
0,0,1,0,1,0,1,0,0,0,1,1,0,0,0,1,0,0,0,0
1,0,0,0,0,0,0,0,1,0,0,0,1,0,1,0,1,0,0,1
0,0,1,1,1,1,1,0,0,0,1,0,0,0,0,0,0,0,0,0
0,1,1,0,1,0,0,0,1,1,1,0,0,0,0,0,0,0,0,0
0,1,1,0,1,0,1,0,1,0,0,0,0,0,0,0,0,0,0,1
1,0,0,0,0,0,0,0,1,1,0,0,1,0,1,0,1,0,0,0
1,0,0,0,0,0,0,0,1,0,0,0,1,0,1,0,1,0,0,1
0,1,0,0,1,0,0,0,1,0,0,0,0,1,0,0,1,0,0,1
0,1,1,0,1,0,0,0,1,0,1,0,0,0,0,0,1,0,0,0
1,0,0,0,0,0,1,0,0,0,0,1,0,0,1,0,0,0,1,1
1,1,0,0,1,0,0,0,1,0,0,0,0,0,0,0,1,0,0,1
0,0,1,0,0,0,1,0,0,0,0,1,0,0,1,0,0,0,1,1
1,0,1,1,0,0,1,0,0,0,0,1,0,0,1,0,0,0,0,0
0,1,0,0,1,0,0,0,0,1,1,0,0,0,0,0,1,0,1,0
0,1,1,0,1,0,1,0,0,0,1,0,0,0,0,0,0,0,0,1
1,0,1,0,0,0,1,0,0,0,0,1,0,0,1,0,0,0,0,1
1,0,0,0,1,0,0,0,1,0,0,0,1,0,0,0,1,0,0,1
0,1,0,0,0,0,0,0,1,1,0,0,1,0,0,0,1,1,0,0
0,0,0,0,1,0,1,0,1,0,1,1,0,0,0,0,0,0,0,1
0,1,0,0,1,0,0,0,1,1,0,0,1,1,0,0,0,0,0,0
0,1,1,0,1,0,0,0,1,0,0,0,0,0,0,0,1,1,0,0
0,1,0,0,1,0,0,0,1,0,0,0,1,0,0,0,1,1,0,0
0,0,0,0,1,0,0,0,1,1,0,0,1,1,0,0,1,0,0,0
1,0,0,0,0,0,0,0,1,0,0,1,0,0,1,0,1,0,0,1
0,0,0,0,0,0,1,0,0,0,1,1,0,0,1,0,0,0,1,1
0,0,0,0,1,0,1,0,1,1,1,0,1,0,0,0,0,0,0,0
1,1,0,0,1,0,0,0,0,1,0,0,0,0,0,0,1,0,1,0
0,0,0,0,0,0,1,0,0,0,1,1,0,0,1,0,0,0,1,1
0,0,1,0,1,1,1,0,0,0,1,1,0,0,0,0,0,0,0,0
0,0,1,0,1,0,1,0,0,1,1,0,0,0,0,0,0,0,1,0
0,1,1,0,1,0,0,1,0,0,1,0,0,0,0,0,0,0,1,0
1,0,0,0,0,1,0,0,0,0,0,1,1,0,1,0,1,0,0,0
0,1,1,0,1,0,0,0,0,1,1,0,0,0,0,0,0,0,1,0
1,0,0,0,0,0,0,0,1,1,0,0,1,0,1,0,1,0,0,0
1,1,0,0,1,0,0,0,1,0,0,0,0,0,0,0,1,0,0,1
0,1,0,0,1,0,0,0,0,1,1,0,1,0,0,0,1,0,0,0
1,0,0,0,0,1,0,0,0,0,0,1,0,0,1,0,0,0,1,1
0,1,0,0,1,0,0,0,0,0,1,0,1,1,0,0,1,0,0,0
1,0,0,0,0,1,0,0,1,0,0,0,1,0,1,0,1,0,0,0
0,0,1,0,1,1,1,0,0,0,1,0,0,1,0,0,0,0,0,0
0,0,1,0,0,0,1,0,0,0,0,1,0,0,1,0,0,0,1,1
1,0,0,0,0,0,0,0,0,1,0,1,0,0,1,0,1,0,1,0
0,1,1,1,1,0,1,0,0,0,1,0,0,0,0,0,0,0,0,0
0,1,0,0,1,0,0,0,1,0,1,0,0,0,0,0,0,1,0,1
0,0,1,0,1,0,1,0,0,1,1,0,0,0,0,0,0,0,1,0
0,1,0,0,1,0,0,0,1,0,0,0,1,0,0,1,1,0,0,0
1,0,0,0,0,0,0,0,0,0,0,1,0,0,1,0,1,0,1,1
1,0,0,0,0,0,0,0,1,0,0,0,1,0,1,0,1,1,0,0
1,0,0,0,0,1,0,0,0,0,0,0,1,0,1,0,1,1,0,0
0,1,1,0,1,0,1,0,0,0,1,0,0,0,0,0,0,0,0,1
1,0,1,0,0,0,0,1,0,0,0,0,0,0,1,0,0,0,1,1
0,1,0,0,1,0,0,0,1,0,1,0,0,0,0,1,0,1,0,0
0,0,0,0,0,0,1,0,0,1,0,1,0,0,1,1,0,0,1,0
0,1,1,0,1,0,1,0,0,1,0,0,0,0,0,0,0,0,1,0
1,0,0,0,0,0,0,0,0,1,0,1,1,0,1,0,1,0,0,0
0,0,1,0,1,0,1,0,1,0,1,0,0,0,0,1,0,0,0,0
0,1,1,0,1,0,0,0,1,0,1,0,0,0,0,0,0,0,0,1
1,0,0,0,0,0,0,0,0,1,0,0,1,0,1,0,1,0,1,0
0,1,0,0,1,0,1,0,1,1,1,0,0,0,0,0,0,0,0,0
1,0,1,0,0,0,1,0,0,1,0,1,0,0,1,0,0,0,0,0
1,0,1,0,0,0,1,0,0,0,0,0,0,0,1,0,0,0,1,1
0,0,0,0,1,0,0,0,1,0,0,1,1,0,0,0,1,0,0,1
0,0,1,0,1,0,1,0,0,0,1,0,0,0,0,0,0,0,1,1
0,1,0,0,1,0,0,0,1,1,1,0,1,0,0,0,0,0,0,0
0,1,0,0,1,0,0,0,1,1,1,0,0,1,0,0,0,0,0,0
0,1,0,0,1,0,0,0,1,1,1,0,0,0,0,1,0,0,0,0
0,1,1,0,1,1,0,0,1,0,1,0,0,0,0,0,0,0,0,0
0,1,1,0,0,0,1,0,0,1,1,0,0,0,0,0,0,0,1,0
0,1,1,0,1,0,0,0,0,0,1,0,0,0,0,0,0,0,1,1
1,0,0,0,0,0,0,0,0,0,0,0,1,0,1,1,1,0,0,1
0,0,1,0,1,0,1,0,0,1,1,0,0,0,0,0,0,0,1,0
0,1,0,0,1,1,0,0,1,1,1,0,0,0,0,0,0,0,0,0
1,0,0,0,0,1,0,0,0,0,0,1,0,0,1,0,1,0,1,0
1,0,0,0,0,0,0,0,0,1,0,1,0,0,1,1,0,0,1,0
1,0,0,0,0,0,0,0,0,1,0,1,1,0,0,0,1,0,1,0
1,0,1,0,0,0,0,0,0,0,0,1,0,0,1,0,0,0,1,1
0,0,1,0,1,0,1,0,0,0,1,0,0,0,0,0,0,1,0,1
0,1,0,0,1,0,0,0,1,0,1,0,1,0,0,0,0,0,0,1
0,0,1,0,1,0,1,0,0,1,1,0,0,0,0,0,0,0,1,0
1,0,0,0,0,0,0,0,0,1,0,1,0,1,1,0,0,0,1,0
0,1,0,0,0,0,0,1,1,0,0,0,1,0,0,0,1,0,0,1
0,0,1,0,1,0,1,0,1,0,1,0,0,0,0,0,0,1,0,0
0,0,0,0,1,0,0,0,1,0,1,0,1,0,0,0,1,0,0,1
0,0,1,0,1,0,1,0,0,0,1,1,0,0,0,0,0,1,0,0
0,1,0,0,1,0,0,0,1,0,1,0,0,0,0,0,0,1,0,1
0,1,0,0,1,0,0,0,1,1,1,0,1,0,0,0,0,0,0,0
0,0,0,0,1,0,0,0,0,0,1,0,1,0,0,0,1,0,1,1
0,1,0,0,1,0,0,0,1,1,0,0,1,0,0,0,1,0,0,0
0,0,1,0,1,0,0,0,0,0,1,1,0,0,0,0,0,0,1,1
0,1,0,0,1,0,0,0,0,1,1,0,1,0,0,0,1,0,0,0
1,0,0,0,0,0,0,0,0,1,0,1,0,1,0,0,1,0,1,0
0,1,0,0,1,0,0,0,1,0,1,0,1,0,0,1,0,0,0,0
1,0,0,0,0,0,1,0,0,0,0,0,1,0,1,0,0,0,1,1
0,1,0,0,1,0,0,0,0,0,1,0,1,0,0,1,1,0,0,0
0,0,1,0,1,0,1,0,0,0,1,0,0,0,0,1,0,0,1,0
0,0,0,0,1,1,0,0,1,0,1,0,1,0,0,0,0,0,0,1
0,0,1,0,0,1,1,0,0,0,0,0,0,0,1,0,0,0,1,1
1,1,0,1,0,0,0,0,0,0,0,0,0,0,1,0,0,0,1,1
0,0,0,0,1,1,0,0,0,1,1,1,0,0,0,0,0,0,1,0
1,0,0,1,0,0,0,0,0,0,0,1,1,0,1,0,0,0,1,0
0,1,1,0,1,0,0,0,1,0,1,0,0,1,0,0,0,0,0,0
1,0,0,0,0,1,0,0,0,1,0,1,0,0,1,0,0,0,1,0
1,0,0,0,0,0,0,0,0,0,0,1,1,0,1,1,1,0,0,0
0,0,1,0,0,0,0,0,0,1,1,1,0,0,1,0,0,0,1,0
1,0,1,0,0,0,1,0,0,0,0,0,0,0,1,0,0,0,1,1
0,0,1,0,1,1,1,0,1,0,1,0,0,0,0,0,0,0,0,0
1,0,0,0,0,0,0,0,0,0,0,1,0,1,1,0,0,0,1,1
1,0,1,0,0,0,1,0,0,1,0,0,0,0,1,0,0,0,1,0
0,1,1,0,1,0,0,1,1,0,1,0,0,0,0,0,0,0,0,0
1,0,0,0,0,0,0,0,0,0,0,1,1,0,1,0,1,0,0,1
0,1,0,0,1,0,0,0,1,0,0,0,0,0,0,0,1,1,0,1
0,1,0,0,1,0,0,0,1,0,1,0,0,0,0,0,1,0,0,1
1,1,0,0,1,0,0,0,1,0,0,0,0,0,0,0,1,0,0,1
0,1,0,0,0,1,0,0,1,1,0,0,1,0,0,0,1,0,0,0
1,0,0,0,1,0,0,0,1,0,0,0,1,0,0,0,1,0,0,1
0,1,0,0,1,0,0,0,1,0,1,0,1,0,0,0,0,0,0,1
0,0,0,0,1,0,0,0,1,1,1,0,1,0,0,0,1,0,0,0
0,0,1,0,1,0,1,0,1,0,1,0,0,0,0,0,0,1,0,0
1,0,0,0,0,1,0,0,0,1,0,1,0,0,1,0,0,0,1,0
0,1,0,0,1,0,0,0,1,1,0,0,1,0,0,0,1,0,0,0
1,0,1,0,0,0,1,0,0,0,0,1,0,0,1,1,0,0,0,0
0,0,0,0,1,0,0,0,0,1,1,0,1,0,0,0,1,0,1,0
0,1,0,0,1,0,0,0,1,1,1,0,0,0,0,0,0,1,0,0
0,0,1,0,1,1,1,0,0,0,1,0,0,0,0,0,0,0,1,0
0,1,0,0,1,0,0,0,0,0,1,0,1,0,0,0,1,0,0,1
0,0,1,0,0,0,1,0,0,0,1,1,0,0,0,0,0,0,1,1
1,0,1,0,0,0,0,0,0,1,0,0,0,0,1,0,1,0,1,0
0,0,1,0,1,0,1,0,0,0,1,0,0,0,0,0,0,0,1,1
0,1,0,0,1,0,0,0,0,1,1,0,1,0,0,0,1,0,0,0
1,0,0,0,0,0,0,1,0,0,0,0,1,0,1,0,1,0,1,0
1,0,0,1,0,0,0,0,0,0,0,1,0,0,1,0,0,0,1,1
1,0,0,0,0,0,1,0,0,1,0,1,0,0,1,0,0,0,1,0
0,0,0,1,0,0,1,0,0,0,0,1,0,0,1,0,0,0,1,1
1,0,0,0,0,0,1,0,1,1,0,1,0,0,1,0,0,0,0,0
1,0,1,1,0,0,0,0,0,1,0,0,0,0,1,0,0,0,1,0
0,0,1,0,1,0,0,0,0,0,1,1,0,0,0,0,0,0,1,1
0,0,1,0,0,0,1,0,0,0,1,0,0,0,1,0,0,0,1,1
1,0,0,0,0,0,0,0,0,1,0,1,1,0,0,0,1,0,1,0
0,1,0,0,1,0,0,0,1,0,1,0,1,1,0,0,0,0,0,0
0,0,0,0,1,0,0,0,0,1,1,0,1,0,0,0,1,0,1,0
0,0,1,0,0,0,1,0,1,1,0,1,0,0,1,0,0,0,0,0
1,0,0,0,0,0,0,0,0,1,0,1,1,0,1,0,0,0,1,0
0,0,0,0,1,0,0,0,1,0,1,0,1,0,0,0,1,0,0,1
1,1,0,1,0,0,0,0,1,1,0,0,0,0,0,0,1,0,0,0
1,0,0,0,0,0,0,0,0,0,0,1,1,0,1,0,0,1,1,0
1,0,0,0,0,0,0,0,0,0,0,0,1,0,1,0,1,0,1,1
1,0,0,0,0,0,0,0,0,0,0,0,1,0,1,0,1,1,1,0
0,1,1,1,0,0,1,0,1,0,0,0,0,0,0,0,0,0,0,1
0,0,1,0,0,1,1,0,0,1,0,1,0,0,0,0,0,0,1,0
1,0,0,0,0,1,0,0,0,0,0,1,0,1,1,0,0,0,1,0
1,1,0,0,1,0,0,0,1,0,0,0,1,0,0,0,0,0,0,1
1,0,0,0,0,0,0,0,0,0,0,1,1,0,1,0,1,0,0,1
0,1,0,0,1,0,1,0,1,0,1,0,0,0,0,0,0,1,0,0
0,0,0,0,1,0,0,0,1,0,1,0,1,0,0,0,1,1,0,0
1,0,0,0,0,0,0,0,1,1,0,1,0,0,1,0,1,0,0,0
0,0,1,0,0,0,1,0,0,1,1,1,0,0,0,0,0,0,1,0
1,1,0,0,0,0,0,0,1,0,0,0,0,0,1,0,0,1,0,1
0,0,1,0,1,1,1,0,0,0,1,0,0,0,0,0,0,0,0,1
1,0,0,0,0,0,1,0,0,1,0,0,1,0,1,0,0,0,1,0
0,0,0,0,0,0,1,0,0,0,1,1,0,0,1,0,0,0,1,1
1,0,0,0,0,0,0,0,0,1,0,1,0,0,1,0,1,0,1,0
0,1,0,0,1,0,0,0,1,0,0,0,1,0,0,0,1,0,0,1
0,0,1,0,0,0,1,0,0,1,0,1,0,0,1,0,0,0,1,0
1,0,1,0,0,0,1,0,0,0,0,0,0,0,1,0,0,0,1,1
0,0,1,0,0,0,1,0,0,0,0,1,0,0,1,0,0,0,1,1
1,0,0,1,0,0,0,0,1,0,0,0,1,0,1,0,0,0,0,1
1,0,0,0,0,0,0,1,0,1,0,0,1,0,1,0,1,0,0,0
1,0,0,0,0,0,0,0,0,0,0,1,0,0,1,0,1,0,1,1
1,0,0,0,0,0,0,0,0,0,0,1,1,0,1,0,0,0,1,1
0,0,1,0,1,1,0,0,0,0,1,0,0,0,0,0,0,0,1,1
1,0,0,0,0,0,0,0,0,1,0,1,1,0,1,0,0,0,1,0
1,0,0,0,0,0,0,0,0,1,0,1,1,0,1,0,0,0,1,0
1,0,0,0,0,0,1,0,0,0,0,1,0,0,1,0,0,0,1,1
1,0,0,0,0,0,0,0,1,0,0,0,1,0,1,0,1,0,0,1
0,1,1,0,1,0,0,0,1,0,1,0,0,0,0,1,0,0,0,0
0,0,0,0,1,0,1,0,1,1,1,1,0,0,0,0,0,0,0,0
1,0,0,0,0,0,0,0,0,0,0,0,1,0,1,0,1,0,1,1
1,0,1,0,0,0,1,0,0,0,0,1,0,0,1,0,0,0,0,1
0,0,1,0,1,0,1,0,1,0,1,0,0,0,0,0,0,0,0,1
1,0,0,0,0,0,0,0,1,1,0,1,1,0,0,0,1,0,0,0
1,0,0,0,0,0,0,0,0,0,0,0,1,0,1,0,1,1,0,1
0,0,0,0,1,0,0,0,1,1,0,0,1,1,0,0,1,0,0,0
0,0,1,0,1,0,0,0,1,1,1,0,0,0,0,0,0,1,0,0
1,0,0,0,0,0,0,0,0,0,0,1,1,0,0,0,1,0,1,1
0,0,1,0,0,0,1,0,0,1,0,1,0,0,0,1,0,0,1,0
0,1,1,0,1,0,0,0,0,0,1,0,0,0,0,0,0,0,1,1
0,1,0,0,1,0,0,0,0,0,1,0,1,0,0,0,1,1,0,0
0,1,0,0,1,0,0,0,1,1,1,0,0,0,0,0,0,1,0,0
0,0,1,0,0,0,1,0,0,0,1,1,0,0,1,0,0,0,1,0
0,0,1,1,0,0,1,0,0,0,0,0,0,0,1,0,0,0,1,1
1,0,0,0,0,0,0,1,0,0,0,1,1,0,1,0,0,0,1,0
1,0,1,0,0,0,0,0,1,1,0,1,0,0,1,0,0,0,0,0
0,0,1,0,1,1,1,0,0,0,1,0,0,0,0,0,0,0,1,0
0,0,0,0,0,0,1,1,0,1,0,1,0,0,1,0,0,0,1,0
1,1,0,0,1,0,0,0,1,0,0,0,1,0,0,0,1,0,0,0
1,0,0,0,1,0,0,0,1,0,0,0,1,0,0,0,1,0,0,1
0,0,0,0,0,0,1,0,0,1,0,1,0,1,1,0,0,0,1,0
0,0,0,0,1,0,0,0,1,1,1,0,1,0,0,0,1,0,0,0
1,0,0,0,0,1,0,0,0,1,0,0,1,0,1,0,1,0,0,0
1,0,1,0,0,0,1,0,0,1,0,0,0,0,1,0,0,0,1,0
1,0,0,0,1,0,0,0,1,0,0,0,1,0,0,0,1,0,0,1
0,1,0,1,1,0,0,0,1,1,1,0,0,0,0,0,0,0,0,0
1,0,0,0,0,0,0,0,0,0,0,0,1,0,1,0,1,0,1,1
0,1,1,0,1,0,0,0,1,0,1,0,0,0,0,0,0,1,0,0
0,1,0,0,1,0,1,0,0,0,1,0,0,0,0,0,0,0,1,1
0,0,1,0,0,1,1,0,0,0,0,1,0,0,1,0,0,0,1,0
0,0,1,1,1,0,1,0,0,0,1,0,0,0,0,0,0,0,1,0
0,1,0,0,1,0,0,0,1,0,0,0,0,0,0,1,1,0,0,1
0,1,1,0,1,0,1,0,0,0,1,0,0,0,0,0,0,0,0,1
0,1,0,0,1,0,0,0,0,0,1,0,0,0,0,0,0,1,1,1
0,0,1,0,0,0,1,0,0,1,1,0,0,0,1,0,0,0,1,0
0,0,0,0,1,0,0,0,0,1,1,0,1,0,0,0,1,0,1,0
0,1,0,0,1,0,1,0,1,0,1,0,0,0,0,0,0,0,0,1
0,1,0,0,1,0,0,0,1,1,1,0,0,0,0,1,0,0,0,0
1,0,0,0,0,0,0,0,0,0,0,1,1,0,1,0,1,0,0,1
1,0,0,0,0,1,0,0,0,1,0,1,0,0,1,0,0,0,1,0
0,0,1,0,1,0,1,0,1,0,1,0,0,0,0,1,0,0,0,0
0,0,1,1,0,0,0,0,0,0,0,1,0,0,1,0,0,0,1,1
1,0,0,0,0,0,0,0,0,1,0,0,1,0,1,0,1,0,1,0
1,0,0,0,0,0,0,1,0,0,0,0,1,0,1,0,1,0,1,0
1,0,0,0,0,0,0,0,1,0,0,1,0,0,1,0,1,0,0,1
0,0,1,0,0,0,1,0,0,1,0,1,0,0,0,1,0,0,1,0
1,0,0,0,0,0,1,0,0,1,0,1,0,0,1,0,0,0,1,0
0,1,0,0,1,0,1,0,0,0,1,0,0,0,0,0,0,0,1,1
0,0,1,0,1,0,1,0,0,1,1,0,0,0,0,1,0,0,0,0
0,1,1,0,1,0,1,0,0,0,1,0,0,0,0,0,0,0,0,1
1,0,0,0,0,0,0,0,0,0,0,1,0,0,1,0,1,0,1,1
0,0,0,0,1,0,0,0,0,0,1,0,1,0,0,0,1,0,1,1
0,1,0,0,1,0,1,0,1,0,1,0,0,0,0,0,0,0,0,1
0,0,0,0,1,0,1,0,1,1,1,0,1,0,0,0,0,0,0,0
0,0,0,0,1,0,0,0,1,0,1,0,1,0,0,0,1,1,0,0
0,1,1,0,1,0,0,0,0,0,1,0,0,0,0,0,0,0,1,1
1,0,0,0,0,0,0,0,0,0,0,1,0,1,0,0,1,0,1,1
0,1,0,0,0,1,0,0,1,0,0,0,1,0,0,0,1,0,0,1
0,0,0,1,0,1,1,0,0,0,0,1,0,0,1,0,0,0,1,0
1,0,0,0,0,1,0,0,0,0,0,1,1,0,1,0,1,0,0,0
0,1,0,0,1,1,0,0,1,0,1,0,0,0,0,0,0,0,0,1
0,0,1,0,1,0,0,1,0,0,1,0,0,0,0,0,0,0,1,1
1,0,1,0,0,0,0,1,0,1,0,0,0,0,1,0,0,0,1,0
0,1,1,0,1,0,0,0,1,0,1,0,0,0,0,0,0,1,0,0
0,0,0,0,1,0,1,0,1,0,1,0,1,0,0,0,0,0,0,1
1,0,0,0,0,0,0,0,0,0,0,1,1,0,1,0,0,0,1,1
0,1,0,0,1,0,0,0,1,0,0,0,1,0,0,0,1,0,0,1
1,0,0,0,0,0,0,0,1,0,0,0,1,0,1,1,1,0,0,0
0,1,1,0,1,0,0,0,0,1,0,0,0,0,0,0,1,0,1,0
0,1,1,0,1,0,0,0,1,1,0,0,0,0,0,0,1,0,0,0
1,0,0,0,1,0,0,0,1,0,0,0,1,0,0,0,1,0,0,1
0,1,1,0,1,0,1,0,0,0,1,0,0,0,0,0,0,0,0,1
0,0,0,0,0,0,1,1,0,0,0,1,0,0,1,0,0,0,1,1
0,1,0,0,1,0,0,0,0,1,1,0,0,0,0,0,1,0,1,0
1,0,0,0,0,1,0,0,0,0,0,0,1,0,1,0,1,0,1,0
0,0,0,0,1,0,0,1,1,1,1,0,1,0,0,0,0,0,0,0
0,1,0,0,1,0,0,0,0,1,1,0,1,0,0,0,0,0,1,0
0,0,1,0,1,0,1,0,0,0,1,0,0,0,0,0,0,0,1,1
1,0,0,0,0,0,0,0,1,0,0,1,1,0,0,0,1,0,0,1
0,1,1,0,1,1,1,0,0,0,1,0,0,0,0,0,0,0,0,0
0,0,1,1,1,0,1,0,0,0,1,0,0,0,0,0,0,1,0,0
0,1,0,0,1,0,1,0,1,1,1,0,0,0,0,0,0,0,0,0
0,0,0,0,0,0,1,1,0,0,0,1,0,0,1,0,0,0,1,1
0,0,0,0,1,0,0,0,0,1,0,1,1,0,0,0,1,0,1,0
0,0,1,0,1,0,0,0,0,1,1,0,0,0,0,0,0,1,1,0
1,0,0,0,0,0,0,0,1,1,0,1,0,0,1,0,1,0,0,0
1,1,0,0,0,0,0,0,1,0,0,0,1,0,0,0,1,0,0,1
0,0,0,0,1,0,0,0,1,0,0,0,1,1,0,0,1,0,0,1
0,0,0,0,1,0,0,0,1,1,1,0,1,1,0,0,0,0,0,0
0,1,1,0,1,0,1,0,0,0,1,0,0,0,0,0,0,1,0,0
0,1,0,0,1,0,1,1,1,0,1,0,0,0,0,0,0,0,0,0
1,0,0,0,0,0,0,0,0,1,0,0,1,0,1,0,1,0,1,0
0,1,1,1,1,0,1,0,0,0,1,0,0,0,0,0,0,0,0,0
1,0,0,0,0,0,0,0,0,1,0,1,0,0,1,0,1,0,1,0
0,0,1,0,1,0,1,0,1,1,1,0,0,0,0,0,0,0,0,0
1,0,0,0,0,0,0,0,1,0,0,0,1,0,1,0,1,0,0,1
0,1,0,0,1,0,0,0,1,0,0,0,0,0,0,1,1,0,0,1
0,0,0,0,1,0,0,1,0,1,1,1,0,0,0,0,0,0,1,0
1,0,0,0,0,0,0,0,1,1,0,1,0,0,1,1,0,0,0,0
0,1,0,0,1,1,0,0,0,0,1,0,0,0,0,0,0,0,1,1
1,0,0,0,0,0,0,0,1,0,0,1,0,1,1,0,0,0,0,1
0,0,0,0,1,1,0,0,0,0,1,1,0,0,0,0,0,0,1,1
0,1,0,0,1,0,0,0,1,0,0,0,1,0,0,0,1,0,0,1
0,1,1,1,0,0,1,0,1,1,0,0,0,0,0,0,0,0,0,0
0,1,1,0,0,0,1,0,1,0,0,0,0,0,1,1,0,0,0,0
0,1,0,0,0,0,0,0,1,0,0,0,1,0,0,0,1,1,0,1
0,1,0,1,1,0,0,0,0,0,1,0,1,0,0,0,1,0,0,0
0,1,1,0,0,0,1,0,1,0,0,0,0,0,1,0,0,1,0,0
0,0,0,0,1,0,0,0,1,0,1,0,1,0,0,0,1,0,0,1
1,0,1,0,0,0,0,0,0,1,0,1,0,0,1,0,0,0,1,0
0,0,0,0,0,0,1,0,0,0,1,1,0,0,1,0,0,0,1,1
0,1,0,0,1,0,0,0,0,0,1,0,0,0,0,0,1,0,1,1
0,1,0,1,0,0,1,0,1,0,1,0,0,0,0,0,0,0,0,1
1,0,0,0,0,0,0,0,0,0,0,0,1,0,1,1,1,0,1,0
0,1,1,0,0,0,1,0,0,0,1,0,0,0,0,0,0,0,1,1
0,1,1,0,1,0,1,0,0,1,1,0,0,0,0,0,0,0,0,0
0,0,0,0,1,0,0,0,1,0,1,0,1,1,0,0,1,0,0,0
1,1,0,0,0,0,0,0,1,0,0,0,0,0,1,0,1,0,0,1
1,0,0,0,0,0,0,0,1,0,0,0,1,0,1,1,1,0,0,0
0,1,1,0,1,0,0,1,1,0,1,0,0,0,0,0,0,0,0,0
0,0,0,0,1,0,0,1,0,0,1,0,1,0,0,0,1,0,1,0
1,0,0,0,0,0,0,0,0,1,0,0,1,0,1,0,1,1,0,0
0,1,1,0,1,0,1,1,0,0,1,0,0,0,0,0,0,0,0,0
0,0,1,0,0,0,1,0,0,0,1,0,0,0,1,0,0,0,1,1
0,1,0,0,1,0,0,0,1,1,1,0,0,0,0,0,1,0,0,0
1,0,0,0,0,1,0,0,0,0,0,1,0,0,1,0,0,0,1,1
0,1,1,0,1,0,0,0,1,1,0,0,0,0,0,0,1,0,0,0
0,0,0,0,1,0,1,0,0,0,1,1,0,0,0,0,0,0,1,1
0,0,1,0,1,0,0,0,1,0,1,0,0,0,0,0,1,0,0,1
1,0,1,0,0,0,1,0,0,0,0,0,0,0,1,0,0,0,1,1
0,0,1,0,1,0,1,0,1,1,1,0,0,0,0,0,0,0,0,0
0,0,1,0,0,0,0,0,0,0,1,1,0,0,1,0,0,0,1,1
0,1,0,0,0,0,0,0,1,1,0,0,1,0,0,1,1,0,0,0
0,1,0,0,1,0,0,0,1,1,1,0,0,0,0,1,0,0,0,0
0,1,1,0,1,0,0,0,1,0,1,0,0,0,0,1,0,0,0,0
0,0,0,0,1,1,0,0,0,1,1,1,0,0,0,0,0,0,1,0
1,0,0,0,0,0,0,1,0,0,0,1,0,0,1,0,0,0,1,1
0,0,1,0,1,1,0,0,0,0,1,0,0,0,0,0,0,0,1,1
0,0,0,0,0,0,1,1,0,0,1,1,0,0,1,0,0,0,1,0
0,0,1,0,0,0,1,0,0,0,0,1,0,1,0,0,0,0,1,1
0,1,0,0,1,0,0,0,1,0,1,0,0,0,0,0,0,1,0,1
0,1,1,0,1,0,0,0,0,1,1,0,0,0,0,0,0,0,1,0
0,1,0,0,1,0,0,0,0,1,1,0,0,0,0,1,0,0,1,0
0,0,0,0,0,0,1,0,0,0,1,1,0,0,1,0,0,0,1,1
0,0,1,0,1,0,1,0,0,1,1,0,0,0,0,0,0,0,1,0
0,1,0,0,0,0,0,0,1,0,0,0,1,0,0,1,1,0,0,1
0,0,0,0,0,0,1,0,0,1,1,1,0,0,1,0,0,0,1,0
1,0,0,0,0,0,0,0,1,0,0,1,0,0,1,0,1,0,0,1
0,0,1,0,0,0,1,0,0,0,0,1,0,0,1,0,0,0,1,1
0,1,0,0,1,0,0,0,1,0,1,0,0,1,0,0,0,0,0,1
1,0,1,0,0,0,1,0,0,0,0,1,0,0,1,1,0,0,0,0
0,1,0,0,1,0,0,1,1,0,0,0,1,0,0,0,1,0,0,0
1,0,0,0,0,0,0,0,0,0,0,1,1,0,1,0,1,0,1,0
0,0,0,0,1,0,0,0,0,1,0,1,0,1,0,0,1,0,1,0
1,0,0,0,0,1,0,0,1,0,0,0,1,0,1,0,0,0,0,1
0,1,0,0,1,0,0,0,1,1,1,0,0,0,0,0,1,0,0,0
1,0,0,0,0,0,0,0,0,0,0,1,0,0,1,0,1,0,1,1
0,0,1,0,0,0,1,0,0,0,0,1,0,0,1,0,0,0,1,1
0,0,0,0,1,0,0,0,1,1,1,0,1,0,0,0,1,0,0,0
0,0,1,0,0,1,1,0,0,0,0,1,0,0,0,0,0,0,1,1
1,0,0,0,0,0,0,0,0,0,0,1,1,0,1,1,0,0,1,0
1,0,0,0,0,0,0,0,0,0,0,0,1,1,1,1,1,0,0,0
1,0,0,0,1,0,0,0,1,1,0,0,1,0,0,0,1,0,0,0
0,0,0,0,1,0,0,0,1,0,1,0,1,0,0,0,1,0,0,1
0,1,0,0,1,0,0,1,0,0,1,0,1,0,0,0,1,0,0,0
0,0,0,0,0,0,1,1,0,0,0,1,0,0,1,0,0,0,1,1
0,1,0,0,1,0,1,0,1,0,1,0,0,0,0,0,0,1,0,0
0,1,1,0,1,0,1,0,1,0,0,0,0,0,0,0,0,1,0,0
0,1,1,0,1,1,1,0,0,0,1,0,0,0,0,0,0,0,0,0
1,0,1,1,0,0,1,0,0,0,0,1,0,0,1,0,0,0,0,0
0,1,1,0,1,0,1,0,0,0,1,0,0,0,0,0,0,1,0,0
1,0,0,0,0,0,0,0,0,1,0,0,1,1,1,0,0,0,1,0
1,0,0,0,0,0,1,0,0,0,0,1,0,0,1,0,0,0,1,1
1,0,1,1,0,0,1,0,0,0,0,0,0,0,1,1,0,0,0,0
1,0,0,0,0,0,0,0,0,0,0,1,1,1,1,0,1,0,0,0
0,1,0,0,1,0,0,0,0,0,1,0,1,1,0,0,1,0,0,0
1,1,0,0,0,0,0,0,0,0,0,0,0,0,1,0,0,1,1,1
1,0,0,0,0,0,0,0,0,0,0,1,1,1,1,0,1,0,0,0
0,1,0,0,1,0,0,0,1,0,1,0,0,0,0,1,0,0,0,1
0,0,0,0,1,0,0,0,0,1,1,0,1,0,0,0,1,0,1,0
0,0,0,0,0,0,1,0,1,1,1,1,0,0,1,0,0,0,0,0
0,1,0,0,1,0,1,0,1,0,1,0,0,0,0,0,0,0,0,1
0,0,1,0,0,0,1,0,0,1,1,0,0,0,1,0,0,0,1,0
0,1,0,0,1,0,0,1,1,1,1,0,0,0,0,0,0,0,0,0
0,1,0,0,0,0,0,0,1,0,0,0,1,0,0,1,1,0,0,1
1,0,1,1,0,0,1,0,0,0,0,1,0,0,1,0,0,0,0,0
1,1,0,0,0,0,0,0,1,0,0,0,0,0,1,1,0,0,0,1
1,0,0,0,0,1,0,1,0,0,0,1,0,0,1,0,0,0,1,0
1,0,0,0,0,0,0,0,1,0,0,1,0,1,1,0,0,0,0,1
0,1,0,0,1,0,0,0,1,0,0,0,1,0,0,0,1,0,0,1
0,0,1,0,1,0,1,0,1,0,1,0,0,0,0,1,0,0,0,0
0,0,1,0,1,0,1,0,0,0,1,0,0,0,0,0,0,1,1,0
0,0,0,0,1,0,0,1,0,0,0,1,1,0,0,0,1,0,1,0
0,0,1,0,1,1,1,1,0,0,1,0,0,0,0,0,0,0,0,0
1,0,0,0,0,1,0,0,0,1,0,1,0,0,1,0,0,0,1,0
0,1,0,1,1,0,0,0,1,0,1,0,0,0,0,0,0,0,0,1
1,0,0,0,0,0,0,0,0,0,0,0,1,0,1,1,1,0,1,0
0,1,0,0,1,1,0,0,1,1,0,0,0,0,0,0,1,0,0,0
0,1,0,0,1,0,0,0,1,0,1,0,0,1,0,1,0,0,0,0
1,0,1,0,0,1,1,0,0,0,0,1,0,0,1,0,0,0,0,0
0,0,0,0,0,0,1,0,0,1,1,1,0,0,1,0,0,0,1,0
0,0,1,0,1,0,0,0,1,1,1,0,0,0,0,0,1,0,0,0
0,1,1,0,1,0,0,0,1,0,1,0,0,0,0,0,0,1,0,0
0,1,1,1,1,0,1,0,0,0,1,0,0,0,0,0,0,0,0,0
1,1,0,0,1,0,0,0,0,0,0,0,0,0,0,0,1,0,1,1
1,0,1,0,0,0,0,0,0,1,0,0,0,0,1,1,0,0,1,0
0,1,0,0,0,1,0,0,1,1,0,0,1,0,0,0,1,0,0,0
1,0,1,0,0,0,0,0,0,1,0,0,0,0,1,0,1,0,1,0
1,1,0,0,1,0,0,0,1,0,0,0,0,0,0,0,1,0,0,1
0,0,0,0,1,0,1,0,0,0,1,1,0,0,0,0,0,0,1,1
0,0,1,0,0,0,1,0,0,1,0,1,0,0,1,0,0,0,1,0
1,0,1,0,0,0,0,0,1,0,0,1,0,0,1,0,0,0,0,1
0,1,0,0,1,0,0,0,1,1,0,0,0,0,0,1,1,0,0,0
1,0,0,0,0,0,0,0,0,1,0,1,0,0,1,0,0,1,1,0
0,0,0,0,1,0,0,0,0,1,1,1,0,0,0,1,0,0,1,0
1,0,0,0,0,1,0,0,0,0,0,1,1,0,1,0,1,0,0,0
0,1,0,0,1,0,0,0,0,0,1,0,1,0,0,1,1,0,0,0
0,1,1,0,1,0,0,0,0,0,1,0,0,0,0,0,0,0,1,1
0,0,0,0,0,0,1,0,0,1,1,1,0,0,1,0,0,0,1,0
0,1,0,0,1,0,0,0,1,1,1,0,0,0,0,0,0,1,0,0
0,1,0,0,1,0,0,0,1,0,1,0,1,0,0,0,0,0,0,1
0,0,0,0,0,1,1,0,0,1,0,1,0,0,1,0,0,0,1,0
0,1,0,0,1,0,0,0,1,0,1,0,0,0,0,0,1,0,0,1
1,1,0,0,1,0,0,0,1,0,0,0,1,0,0,0,0,0,0,1
1,0,0,0,1,0,0,0,1,0,0,0,1,0,0,0,1,0,0,1
0,1,1,0,1,0,0,0,1,0,1,0,0,0,0,1,0,0,0,0
1,0,0,0,0,0,0,1,0,0,0,1,0,0,1,1,0,0,1,0
1,1,0,0,0,0,0,0,0,0,0,0,0,0,1,0,1,0,1,1
1,1,0,0,0,0,0,0,1,1,0,0,1,0,1,0,0,0,0,0
0,0,1,0,1,0,0,0,1,0,1,1,0,0,0,0,0,0,0,1
0,0,1,0,1,0,0,0,1,0,1,0,0,0,0,1,0,0,0,1
0,1,0,0,1,0,0,0,0,0,1,0,0,1,0,0,0,0,1,1
0,0,0,0,1,0,0,1,0,0,1,1,0,0,0,0,0,0,1,1
0,1,0,0,1,0,0,0,1,0,1,0,0,0,0,1,0,0,0,1
0,1,1,0,0,0,1,0,0,0,1,0,0,0,0,0,0,0,1,1
0,0,1,0,0,0,1,1,0,0,0,1,0,0,0,0,0,0,1,1
1,1,0,0,0,0,0,0,1,1,0,0,1,0,1,0,0,0,0,0
1,1,0,0,1,0,0,0,1,0,0,0,1,0,0,0,1,0,0,0
0,0,1,0,0,0,1,0,0,0,0,1,0,0,0,0,0,1,1,1
1,1,0,0,1,0,0,0,1,1,0,0,1,0,0,0,0,0,0,0
0,0,1,0,1,0,0,1,1,0,1,0,0,0,0,0,0,0,0,1
1,0,0,0,0,1,0,0,0,0,0,1,1,0,1,0,0,0,1,0
0,1,0,0,1,0,0,0,1,1,0,0,1,0,0,0,1,0,0,0
1,0,0,0,0,1,0,0,0,0,0,1,1,0,1,0,0,0,1,0
0,1,0,1,0,0,0,0,1,0,0,0,1,0,0,0,1,0,0,1
0,1,1,0,1,1,0,0,0,0,1,0,0,0,0,0,0,0,1,0
0,0,1,1,0,0,1,0,0,0,0,0,0,0,1,0,0,0,1,1
1,0,0,0,0,0,0,0,1,0,0,0,1,0,1,0,1,1,0,0
0,0,0,0,1,0,0,0,1,0,1,0,1,0,0,0,1,1,0,0
0,1,0,0,1,0,0,0,0,1,1,0,0,0,0,0,0,1,1,0
0,0,0,0,1,0,0,0,0,0,0,1,1,0,0,0,1,0,1,1
1,0,0,0,0,1,0,0,0,0,0,0,1,1,1,0,1,0,0,0
1,0,0,0,0,0,0,0,0,0,0,1,1,0,1,0,1,0,1,0
1,0,0,0,0,0,0,0,0,1,0,1,0,1,1,0,0,0,1,0
0,0,0,0,0,0,1,1,0,1,1,1,0,0,0,0,0,0,1,0
0,0,0,0,0,0,1,1,0,1,0,1,0,0,1,0,0,0,1,0
1,1,0,0,0,1,0,0,1,0,0,0,0,0,1,0,0,1,0,0
1,0,0,0,0,0,0,1,0,0,0,0,1,0,1,0,1,0,1,0
0,1,1,0,1,0,1,0,1,0,1,0,0,0,0,0,0,0,0,0
0,0,1,0,0,0,1,0,0,0,0,1,0,0,0,1,0,0,1,1
0,0,1,0,1,0,1,1,0,0,1,1,0,0,0,0,0,0,0,0
1,0,0,0,0,0,0,0,0,0,0,0,1,1,1,0,1,1,0,0
1,1,0,0,0,0,0,0,1,0,0,0,0,0,1,1,1,0,0,0
0,1,0,0,1,0,0,0,1,1,0,0,0,0,0,1,1,0,0,0
1,0,1,1,0,0,1,0,0,0,0,0,0,0,1,0,0,0,1,0
1,0,0,0,0,0,0,0,0,0,0,1,1,0,1,1,0,0,1,0
1,0,0,0,0,0,0,1,0,0,0,1,1,0,1,0,0,0,1,0
1,0,0,0,1,0,0,0,1,0,0,0,1,0,0,0,1,0,0,1
0,0,1,0,0,0,1,0,0,0,1,0,0,0,1,0,0,0,1,1
1,0,0,0,0,1,0,0,1,0,0,0,1,0,1,0,0,0,0,1
1,0,0,1,0,0,0,0,0,0,0,0,1,0,1,0,1,0,1,0
1,0,0,0,0,0,0,0,1,0,0,0,1,0,1,0,1,0,0,1
1,0,0,0,0,0,0,0,1,0,0,1,0,0,1,0,1,0,0,1
0,1,1,0,1,0,0,0,1,1,1,0,0,0,0,0,0,0,0,0
0,1,0,0,1,0,0,0,1,1,1,0,0,0,0,0,0,1,0,0
0,0,0,0,1,0,0,0,1,1,1,0,1,0,0,0,1,0,0,0
1,0,1,0,0,0,0,0,0,0,0,0,0,0,1,0,1,0,1,1
0,1,1,0,1,0,1,0,1,0,1,0,0,0,0,0,0,0,0,0
1,0,0,0,0,0,0,0,1,1,0,1,0,0,1,0,0,1,0,0
1,0,0,0,1,0,0,0,1,0,0,0,1,0,0,0,1,0,0,1
0,1,0,0,1,0,0,0,1,1,0,0,1,0,0,0,1,0,0,0
0,0,0,0,0,0,1,0,0,0,0,1,0,0,1,1,0,0,1,1
0,0,1,0,1,0,1,1,0,0,1,0,0,0,0,0,0,0,1,0
1,0,1,0,0,0,0,0,0,1,0,0,0,0,1,0,0,1,1,0
0,1,0,0,1,0,0,1,1,0,1,0,0,0,0,0,0,0,0,1
0,1,0,0,1,0,1,0,1,1,1,0,0,0,0,0,0,0,0,0
0,0,0,0,1,0,0,0,1,0,1,0,1,0,0,1,1,0,0,0
0,0,0,0,1,0,1,0,1,1,1,1,0,0,0,0,0,0,0,0
1,0,1,0,0,0,1,0,0,1,0,0,0,0,1,0,0,0,1,0
0,0,0,0,1,0,1,0,1,0,1,0,1,0,0,0,0,0,0,1
1,0,0,0,0,0,0,0,0,0,0,1,0,1,1,0,0,0,1,1
0,1,0,0,1,0,0,0,0,0,1,0,0,0,0,0,1,0,1,1
0,0,1,0,1,0,1,0,0,0,1,0,0,0,0,1,0,1,0,0
1,0,1,0,0,0,0,0,0,0,0,0,0,0,1,0,1,0,1,1
0,1,1,0,1,0,0,0,0,0,1,0,0,0,0,0,0,0,1,1
0,0,1,1,0,0,1,0,0,1,0,0,0,0,1,0,0,0,1,0
1,0,0,1,0,1,0,0,0,0,0,1,0,0,1,0,0,0,1,0
0,0,1,0,1,0,0,1,1,1,1,0,0,0,0,0,0,0,0,0
0,1,0,0,1,0,1,0,1,0,1,0,0,0,0,0,0,0,0,1
1,0,0,0,0,0,0,0,1,0,0,0,1,0,1,0,1,1,0,0
0,1,0,0,1,0,0,0,1,1,0,0,0,0,0,1,1,0,0,0
0,1,0,0,1,0,0,0,1,0,1,0,0,0,0,1,0,0,0,1
0,0,1,0,1,1,0,0,1,0,1,0,0,0,0,0,0,0,0,1
1,0,0,0,0,0,0,0,0,0,0,1,1,0,1,0,1,0,1,0
1,0,0,0,0,0,0,0,0,0,0,1,0,0,1,1,0,0,1,1
0,1,0,1,1,0,0,0,1,0,1,0,0,0,0,0,0,0,0,1
1,0,0,0,0,0,0,0,0,0,0,1,0,0,1,1,0,0,1,1
0,0,0,0,1,0,1,0,1,1,1,0,1,0,0,0,0,0,0,0
0,1,0,0,1,0,1,0,1,1,1,0,0,0,0,0,0,0,0,0
0,0,1,0,0,0,1,0,0,0,0,1,0,0,0,1,0,0,1,1
0,1,0,0,1,1,0,0,0,0,1,0,1,0,0,0,1,0,0,0
0,0,1,0,1,0,1,0,0,0,1,0,0,0,0,1,0,0,1,0
0,0,1,0,0,0,1,0,0,1,1,0,0,0,1,0,0,0,1,0
0,0,0,0,1,0,0,0,0,0,0,1,0,1,0,0,1,0,1,1
1,0,0,0,0,0,0,0,0,0,0,1,1,1,1,0,0,0,1,0
0,1,1,1,1,0,1,0,0,0,1,0,0,0,0,0,0,0,0,0
0,1,0,0,0,0,0,0,1,1,0,0,1,0,0,1,1,0,0,0
0,0,1,0,0,0,1,0,0,1,0,1,0,0,1,0,0,0,1,0
1,0,0,0,0,0,0,0,0,0,0,1,1,0,1,0,1,0,1,0
1,0,0,0,0,1,0,0,0,0,0,0,1,0,1,0,1,0,1,0
1,0,0,0,0,0,1,0,0,1,0,0,1,0,1,0,0,0,1,0
1,1,0,0,0,0,0,0,0,0,0,0,0,0,1,0,1,0,1,1
1,1,0,1,0,0,0,0,1,0,0,0,0,0,1,1,0,0,0,0
0,1,1,0,1,0,0,0,1,0,1,0,0,0,0,1,0,0,0,0
0,0,0,0,1,0,1,0,0,1,1,1,0,0,0,0,0,0,1,0
0,1,1,0,1,0,0,0,1,0,1,0,0,0,0,0,0,1,0,0
1,0,0,1,0,0,0,0,0,0,0,0,1,0,1,1,1,0,0,0
0,1,1,0,1,0,0,0,0,1,1,0,0,0,0,0,0,0,1,0
0,1,0,1,1,0,1,0,1,0,1,0,0,0,0,0,0,0,0,0
0,1,0,0,1,0,1,0,1,0,1,0,0,0,0,0,0,0,0,1
1,0,1,0,0,0,1,0,0,0,0,1,0,0,1,0,0,0,0,1
1,0,1,0,0,0,0,0,0,1,0,0,0,0,1,0,1,0,1,0
0,0,0,0,1,0,0,0,1,0,1,0,1,0,0,1,1,0,0,0
1,0,0,0,0,0,1,0,0,0,0,0,1,0,1,0,0,0,1,1
0,1,1,0,1,0,1,0,0,0,1,0,0,0,0,0,0,0,1,0
0,1,0,0,1,0,0,0,1,0,1,0,0,0,0,1,0,0,0,1
0,0,0,0,1,1,0,0,1,1,1,1,0,0,0,0,0,0,0,0
0,0,1,0,0,0,1,0,0,1,0,1,0,0,1,0,0,0,1,0
0,0,0,0,0,0,0,1,0,0,0,1,1,0,1,0,1,0,1,0
0,0,0,1,0,0,1,0,0,0,0,1,0,0,1,0,0,0,1,1
1,0,0,0,0,0,0,0,1,0,0,1,1,0,1,0,0,0,0,1
0,1,0,0,1,0,0,0,1,0,1,0,0,0,0,0,0,1,0,1
1,0,0,0,0,0,0,1,0,0,0,1,1,0,1,0,0,0,1,0
0,1,0,0,1,0,1,0,1,0,1,0,0,0,0,1,0,0,0,0
1,0,0,0,0,0,0,0,0,1,0,1,0,0,1,0,1,0,1,0
0,0,0,0,1,0,0,1,0,0,1,0,1,0,0,0,1,0,1,0
0,1,1,0,1,0,0,0,1,0,1,0,0,0,0,0,0,0,0,1
1,0,1,0,0,0,1,0,1,1,0,0,0,0,1,0,0,0,0,0
0,0,1,0,0,0,1,0,0,0,1,1,0,0,1,0,0,0,1,0
1,1,0,0,1,0,0,0,1,0,0,0,0,0,0,0,1,0,0,1
1,1,0,0,0,0,0,0,0,1,0,0,1,0,1,0,0,0,1,0
0,0,0,0,0,0,1,0,0,1,1,1,0,0,1,0,0,0,1,0
1,1,0,0,0,0,0,0,0,0,0,0,0,0,1,1,0,0,1,1
1,0,0,0,0,0,0,1,0,0,0,0,1,0,1,0,1,0,1,0
1,0,0,0,1,0,0,0,1,1,0,0,1,0,0,0,1,0,0,0
0,0,0,0,1,1,0,0,0,0,1,0,1,0,0,0,1,0,1,0
1,1,0,0,0,0,0,0,1,1,0,0,0,0,1,0,1,0,0,0
0,1,0,0,1,0,0,0,1,1,0,0,0,0,0,0,1,1,0,0
0,0,1,0,0,0,1,0,0,1,0,1,0,0,1,0,0,0,1,0
1,0,0,0,0,0,0,1,0,0,0,1,1,0,1,0,0,0,1,0
1,1,0,0,0,0,0,0,1,1,0,0,0,0,1,0,1,0,0,0
0,0,1,0,0,0,1,0,0,0,1,1,0,0,1,0,0,0,1,0
0,0,0,0,1,0,0,1,0,0,1,1,0,0,0,1,0,0,1,0
0,1,0,0,0,0,0,1,1,0,0,0,1,0,0,0,1,0,0,1
0,1,0,0,1,0,0,0,1,0,1,0,0,1,0,0,0,1,0,0
0,1,1,0,0,0,1,0,1,1,1,0,0,0,0,0,0,0,0,0
1,0,0,0,0,0,0,0,0,0,0,1,1,0,1,1,1,0,0,0
0,0,0,1,0,0,1,0,0,1,0,1,0,0,1,0,0,0,1,0
1,0,1,0,0,0,1,0,0,0,0,0,0,0,1,0,0,0,1,1
1,0,1,0,0,0,1,1,0,0,0,1,0,0,1,0,0,0,0,0
0,0,0,0,1,0,1,0,1,0,1,1,0,0,0,0,0,0,0,1
0,0,1,0,0,0,1,0,0,1,0,1,0,0,1,0,0,0,1,0
0,0,1,0,0,0,0,0,0,1,1,1,0,0,1,0,0,0,1,0
1,0,0,0,0,0,0,0,0,0,0,0,1,0,1,0,1,0,1,1
1,0,0,0,0,1,0,0,0,0,0,0,1,0,1,0,1,0,0,1
0,1,0,0,1,0,0,0,0,0,1,0,0,0,0,0,0,1,1,1
0,0,1,0,0,0,1,0,1,1,0,1,0,0,1,0,0,0,0,0
0,0,1,0,1,0,0,0,0,0,1,0,0,0,0,1,0,0,1,1
1,0,0,0,0,0,0,0,0,0,0,0,1,0,1,0,1,0,1,1
0,1,1,0,1,0,0,0,1,0,1,0,0,0,0,0,0,1,0,0
1,0,0,0,0,0,0,0,1,0,0,1,1,0,1,0,1,0,0,0
1,0,1,0,0,0,1,0,0,1,0,0,0,0,1,0,0,0,1,0
1,1,0,0,0,0,0,0,1,1,0,0,1,0,0,0,1,0,0,0
0,1,0,0,1,0,1,0,1,0,1,0,0,0,0,0,0,0,0,1
1,0,0,0,0,0,0,1,0,0,0,1,0,0,1,0,0,0,1,1
0,0,1,0,1,1,1,0,0,1,1,0,0,0,0,0,0,0,0,0
1,0,0,0,0,1,0,0,0,0,0,1,1,0,1,0,0,0,1,0
0,0,1,0,1,1,1,0,0,0,1,0,0,0,0,0,0,0,1,0
1,0,0,0,0,0,0,0,0,0,0,1,1,0,1,0,1,1,0,0
1,1,0,0,0,0,0,1,1,0,0,0,0,0,1,0,0,0,0,1
0,0,0,0,0,0,1,1,0,0,0,1,0,0,1,0,0,0,1,1
0,0,1,0,1,0,0,0,1,0,1,0,0,0,0,0,1,0,0,1
1,0,0,0,0,1,0,0,0,0,0,1,0,0,1,0,0,0,1,1
0,1,0,0,1,0,0,0,1,0,1,0,0,0,0,1,0,0,0,1
0,0,0,0,1,0,0,0,0,1,1,1,0,0,0,1,0,0,1,0
0,0,1,0,1,1,0,0,0,0,1,1,0,0,0,0,0,0,1,0
1,0,1,0,0,0,1,1,0,0,0,0,0,0,1,0,0,0,1,0
1,0,1,0,0,0,0,0,0,0,0,0,0,0,1,0,1,0,1,1
0,0,0,0,0,0,1,1,0,0,1,1,0,0,0,0,0,0,1,1
0,0,1,0,0,0,1,0,0,1,0,1,0,0,1,0,0,0,1,0
0,0,1,0,1,0,1,0,0,1,1,0,0,0,0,0,0,0,1,0
1,0,1,0,0,0,0,0,0,1,0,1,0,0,1,0,0,0,1,0
0,1,1,0,1,0,0,0,0,0,1,0,0,0,0,0,0,0,1,1
1,0,1,0,0,0,1,0,1,0,0,0,0,0,1,1,0,0,0,0
0,0,1,0,0,0,1,0,0,1,1,0,0,0,1,0,0,0,1,0
1,0,0,0,0,0,0,1,0,1,0,1,0,0,1,0,0,0,1,0
0,0,0,0,0,0,0,0,0,0,0,1,1,1,0,0,1,0,1,1
0,1,0,0,1,0,0,0,1,0,1,0,1,0,0,0,0,0,0,1
0,1,1,0,1,0,0,0,0,0,0,0,0,0,0,0,1,0,1,1
0,0,1,0,0,0,1,0,0,1,0,1,0,0,1,0,0,0,1,0
0,1,0,0,1,0,0,1,0,0,1,0,1,0,0,0,1,0,0,0
1,0,0,0,0,0,0,1,0,1,0,1,0,0,1,0,0,0,1,0
0,1,1,0,1,0,0,0,0,1,1,0,0,0,0,0,0,0,1,0
0,1,0,0,1,1,0,0,1,0,1,0,0,0,0,0,0,0,0,1
0,0,1,0,0,0,1,0,0,0,0,1,0,0,1,0,0,0,1,1
0,1,1,0,1,0,1,0,1,1,0,0,0,0,0,0,0,0,0,0
0,1,0,0,1,0,0,0,1,0,1,0,0,0,0,0,0,1,0,1
0,0,0,0,1,1,1,0,0,0,1,1,0,0,0,0,0,0,1,0
1,1,0,0,0,0,0,0,1,1,0,0,1,0,1,0,0,0,0,0
1,0,0,0,0,0,0,0,0,1,0,0,1,0,1,1,0,0,1,0
0,0,0,0,0,0,1,1,0,0,0,1,0,0,1,0,0,0,1,1
0,0,0,0,1,0,0,0,1,0,1,0,1,0,0,0,1,0,0,1
0,0,0,0,1,0,0,0,1,0,1,0,1,0,0,0,1,1,0,0
1,0,0,0,0,0,0,0,0,0,0,0,1,0,1,0,1,1,1,0
0,1,1,0,1,0,1,0,0,0,1,0,0,0,0,1,0,0,0,0
0,0,1,0,1,0,0,0,0,1,1,0,0,0,0,1,0,0,1,0
0,1,1,0,0,0,1,0,0,0,0,0,0,0,1,0,0,0,1,1
0,0,1,0,1,0,0,0,1,1,1,0,0,0,0,1,0,0,0,0
1,0,0,0,0,0,0,1,0,0,0,0,1,0,1,1,1,0,0,0
0,0,1,0,0,0,1,0,0,0,1,1,0,0,1,0,0,0,1,0
0,1,0,0,1,0,0,0,1,0,1,0,1,0,0,0,0,0,0,1
0,1,0,0,1,0,0,0,1,0,0,0,0,0,0,1,1,0,0,1
0,0,0,0,0,0,1,0,0,0,1,1,0,0,1,0,0,0,1,1
0,1,1,0,0,0,1,0,0,1,0,0,0,0,1,0,0,0,1,0
0,0,0,0,1,0,1,0,1,0,1,0,1,0,0,0,0,0,0,1
1,0,0,0,0,0,0,0,0,0,0,1,0,0,1,1,1,0,1,0
1,0,1,0,0,0,1,0,1,0,0,0,0,0,1,0,0,1,0,0
1,0,1,1,0,0,0,0,0,0,0,0,0,0,1,0,0,0,1,1
0,1,1,0,1,0,0,0,1,0,0,0,0,0,0,0,1,0,0,1
0,1,0,1,1,0,0,0,1,1,0,0,0,0,0,0,1,0,0,0
1,0,0,0,0,0,0,0,0,1,0,1,1,0,1,0,1,0,0,0
1,0,0,0,0,0,0,0,0,0,0,1,1,0,0,0,1,0,1,1
0,1,0,0,1,0,0,0,1,0,0,0,1,1,0,0,0,0,0,1
1,0,0,0,0,0,0,0,0,0,0,1,0,1,1,0,0,0,1,1
0,1,0,0,1,0,0,0,1,0,1,0,1,0,0,0,1,0,0,0
1,0,1,0,0,1,0,0,0,0,0,1,0,0,1,0,0,0,1,0
1,1,0,0,1,0,0,0,1,0,0,0,1,0,0,0,0,0,0,1
0,0,1,1,0,0,1,0,0,0,0,1,0,0,1,0,0,0,1,0
0,0,1,0,1,1,1,0,0,0,1,0,0,0,0,0,0,1,0,0
1,0,0,0,0,0,0,0,0,1,0,1,1,0,1,0,1,0,0,0
0,0,1,0,0,0,1,0,0,1,0,0,0,0,1,1,0,0,1,0
0,1,0,0,0,0,0,0,1,1,0,0,1,0,0,1,1,0,0,0
0,0,1,0,1,1,0,0,1,1,1,0,0,0,0,0,0,0,0,0
1,1,0,0,1,0,0,0,1,0,0,0,1,0,0,0,1,0,0,0
0,1,0,0,1,0,0,0,1,1,1,0,0,0,0,1,0,0,0,0
1,0,0,0,0,0,0,0,0,1,0,1,1,0,1,0,1,0,0,0
1,0,0,0,0,0,0,0,0,0,0,1,1,0,1,0,1,1,0,0
1,0,0,0,0,0,1,0,0,1,0,1,0,0,1,0,0,0,1,0
0,0,0,0,1,0,0,0,1,1,1,0,1,0,0,1,0,0,0,0
1,0,1,0,0,0,1,0,0,1,0,0,0,0,1,0,0,0,1,0
1,0,0,0,0,0,0,0,1,1,0,1,0,0,1,0,1,0,0,0
0,1,0,0,0,0,0,0,1,1,0,0,1,0,0,0,1,1,0,0
0,1,0,0,0,0,0,0,1,0,0,0,1,0,0,0,1,1,0,1
1,0,0,0,0,0,1,0,1,0,0,1,0,0,1,0,0,0,0,1
0,0,0,0,0,0,0,0,0,0,0,1,1,0,1,0,1,0,1,1
0,1,1,0,1,1,1,0,0,0,1,0,0,0,0,0,0,0,0,0
0,1,0,0,1,0,0,0,1,1,1,0,0,1,0,0,0,0,0,0
0,0,0,0,0,0,0,0,1,1,0,1,1,0,1,0,1,0,0,0
1,0,0,0,0,1,0,0,0,0,0,1,1,0,1,0,0,0,1,0
0,0,1,0,0,0,1,1,0,0,0,1,0,0,0,0,0,0,1,1
0,0,1,0,0,0,1,0,0,0,1,0,0,0,1,0,0,0,1,1
0,0,0,0,1,0,0,0,1,1,1,1,0,0,0,0,0,1,0,0
1,0,1,0,0,0,0,0,0,0,0,1,0,0,1,0,0,0,1,1
1,0,0,0,0,0,0,1,0,0,0,1,0,0,1,0,0,0,1,1
0,0,0,0,0,0,1,0,1,0,1,1,0,0,1,0,0,0,0,1
0,0,0,0,0,0,0,0,1,0,0,1,1,0,1,0,1,0,0,1
1,0,0,0,0,0,0,1,0,0,0,1,1,0,1,0,1,0,0,0
1,0,0,0,0,0,0,1,1,0,0,0,1,0,1,0,1,0,0,0
0,1,0,0,1,1,0,0,1,0,1,0,0,0,0,0,0,1,0,0
1,0,0,0,0,0,1,0,0,1,0,0,1,0,1,0,0,0,1,0
1,0,0,0,0,0,1,0,0,1,0,1,0,0,1,0,0,0,1,0
0,0,0,0,1,0,0,0,1,1,1,0,1,1,0,0,0,0,0,0
0,0,0,0,0,0,0,0,0,1,0,1,1,1,0,0,1,0,1,0
1,0,0,0,0,0,0,0,1,0,0,1,0,0,1,1,0,0,0,1
0,0,1,0,0,0,1,1,0,1,0,1,0,0,0,0,0,0,1,0
0,1,0,0,1,0,0,1,1,1,0,0,0,0,0,0,1,0,0,0
1,0,0,0,1,0,0,0,1,1,0,0,1,0,0,0,1,0,0,0
1,0,0,0,0,0,0,0,0,0,0,1,0,1,1,0,0,0,1,1
0,0,1,0,0,0,1,0,1,0,0,1,0,0,1,0,0,0,0,1
0,1,0,0,1,0,0,0,1,0,0,0,1,0,0,0,1,0,0,1
1,0,0,0,0,0,0,0,1,1,0,1,0,0,1,0,1,0,0,0
0,1,0,0,1,0,0,0,0,0,1,0,1,0,0,0,0,0,1,1
0,0,1,0,1,1,1,0,1,0,1,0,0,0,0,0,0,0,0,0
1,0,0,0,0,0,0,0,1,0,0,1,1,0,1,0,0,0,0,1
1,0,0,0,0,0,1,0,0,0,0,1,1,0,1,0,0,0,1,0
0,0,1,0,1,0,1,1,0,0,1,0,0,0,0,0,0,0,0,1
1,0,0,0,0,0,1,0,0,1,0,1,0,0,1,0,0,0,1,0
1,0,0,0,0,0,0,0,0,0,0,1,1,0,1,1,1,0,0,0
0,1,0,0,0,0,0,0,1,0,0,0,1,0,0,1,1,0,0,1
0,1,0,0,1,0,0,0,1,1,1,0,0,0,0,1,0,0,0,0
1,0,0,0,0,0,0,0,0,0,0,1,0,1,1,0,0,0,1,1
0,1,1,0,1,0,0,0,1,0,1,0,0,0,0,0,0,0,0,1
1,1,0,0,0,1,0,0,1,0,0,0,0,0,1,0,0,0,0,1
0,1,0,0,1,0,0,1,1,1,1,0,0,0,0,0,0,0,0,0
0,1,0,0,1,0,0,0,1,0,0,0,0,0,0,0,1,1,0,1
1,0,0,0,0,1,0,0,0,0,0,1,1,0,1,0,1,0,0,0
0,0,0,0,1,0,0,0,1,0,1,0,1,0,0,1,1,0,0,0
1,0,0,0,0,0,0,0,1,0,0,1,0,1,1,0,0,0,0,1
1,0,0,0,0,1,0,0,0,1,0,0,1,0,1,0,0,0,1,0
0,0,1,0,0,0,1,0,0,0,0,1,0,0,1,0,0,0,1,1
1,0,0,0,0,0,0,0,0,0,0,1,0,0,1,0,1,0,1,1
0,0,1,1,1,0,1,0,0,0,1,0,0,0,0,1,0,0,0,0
0,1,0,0,1,0,0,0,1,0,1,0,0,1,0,0,1,0,0,0
1,0,0,0,0,0,0,1,0,0,0,1,1,0,1,0,0,0,1,0
0,0,1,0,0,0,1,0,0,1,1,0,0,0,1,0,0,0,1,0
0,0,0,0,1,0,1,1,0,0,1,1,0,0,0,0,0,0,1,0
1,0,0,0,0,0,0,0,0,1,0,1,0,0,1,0,0,1,1,0
0,0,0,0,1,1,0,0,0,0,1,0,1,0,0,0,1,0,1,0
0,0,0,0,1,0,0,0,0,1,1,1,0,1,0,0,0,0,1,0
1,0,0,0,0,0,0,1,0,0,0,0,1,1,1,0,1,0,0,0
0,0,0,0,1,0,0,0,0,1,1,1,0,0,0,0,0,1,1,0
1,0,0,0,0,0,0,0,0,0,0,1,1,0,1,1,0,0,1,0
1,0,0,0,0,1,0,0,1,1,0,1,0,0,1,0,0,0,0,0
1,0,0,0,0,0,0,0,1,0,0,1,1,0,1,0,0,0,0,1
1,0,0,0,0,0,0,0,0,0,0,0,1,1,1,1,1,0,0,0
1,0,0,0,1,0,0,0,1,1,0,0,1,0,0,0,1,0,0,0
0,0,1,0,0,0,1,0,0,0,1,0,0,0,1,0,0,0,1,1
1,0,0,0,0,0,0,1,0,0,0,0,1,0,1,0,1,0,0,1
0,0,1,0,1,0,0,0,0,0,1,1,0,0,0,0,0,0,1,1
0,0,0,0,0,0,0,0,0,1,0,1,1,0,1,0,1,0,1,0
0,1,0,1,1,0,0,0,1,0,0,0,0,0,0,0,1,0,0,1
1,0,1,0,0,1,1,0,0,0,0,0,0,0,1,0,0,0,1,0
1,0,0,1,0,1,0,0,0,0,0,1,0,0,1,0,0,0,1,0
0,0,0,0,1,0,0,0,0,0,0,1,1,0,0,0,1,0,1,1
0,1,0,0,1,0,0,0,1,1,1,0,0,0,0,0,1,0,0,0
1,1,0,0,0,0,0,0,1,1,0,0,0,0,1,1,0,0,0,0
1,1,0,0,1,0,0,0,1,0,0,0,1,0,0,0,0,0,0,1
1,0,0,0,0,0,0,0,1,0,0,0,1,1,1,0,1,0,0,0
0,0,0,0,1,0,0,1,0,0,1,0,1,0,0,0,1,0,1,0
0,1,0,0,1,1,0,0,1,0,0,0,1,0,0,0,1,0,0,0
0,0,0,0,0,0,1,0,0,0,0,1,0,1,1,0,0,0,1,1
0,1,0,0,1,0,0,0,1,0,1,0,1,0,0,0,0,0,0,1
1,0,0,0,1,0,0,0,1,1,0,0,1,0,0,0,1,0,0,0
0,1,0,0,1,0,0,0,1,1,1,0,0,0,0,1,0,0,0,0
0,0,1,0,0,0,0,0,0,1,1,1,0,0,1,0,0,0,1,0
0,1,1,0,1,1,1,0,0,0,1,0,0,0,0,0,0,0,0,0
0,0,1,0,1,0,1,0,1,0,1,0,0,0,0,0,0,1,0,0
0,0,0,0,0,0,1,0,1,0,1,1,0,0,1,0,0,0,0,1
0,0,0,0,1,0,1,0,1,0,1,0,1,0,0,0,0,0,0,1
0,1,0,0,1,0,0,0,1,0,1,0,0,0,0,0,1,0,0,1
1,0,0,0,0,1,0,0,1,1,0,0,1,0,1,0,0,0,0,0
1,0,0,0,0,1,0,0,1,0,0,0,1,0,1,0,1,0,0,0
0,1,1,0,0,0,1,0,1,1,0,0,0,0,1,0,0,0,0,0
0,0,0,0,1,0,0,0,1,0,1,1,0,0,0,1,0,0,0,1
0,0,0,0,1,0,0,0,0,0,1,0,1,1,0,1,1,0,0,0
1,0,1,0,0,0,1,0,1,0,0,0,0,0,1,0,0,1,0,0
0,0,1,0,1,0,1,1,1,0,1,0,0,0,0,0,0,0,0,0
1,0,0,0,0,0,0,1,0,0,0,1,0,0,1,0,1,0,1,0
0,1,0,0,1,0,0,0,0,0,1,0,1,0,0,0,1,1,0,0
0,0,1,0,1,0,1,0,0,1,1,0,0,0,0,0,0,1,0,0
0,1,0,0,1,0,0,0,0,0,1,0,1,0,0,0,1,0,0,1
0,1,1,0,1,0,1,0,0,0,1,0,0,0,0,0,0,1,0,0
1,1,0,0,1,0,0,0,1,1,0,0,1,0,0,0,0,0,0,0
0,1,0,0,1,1,0,0,1,0,1,0,0,0,0,0,0,1,0,0
0,1,0,0,1,0,0,0,1,0,1,0,0,0,0,1,1,0,0,0
0,0,1,0,0,0,1,0,0,0,1,0,0,0,1,0,0,0,1,1
0,0,0,1,0,0,1,0,0,1,0,1,0,0,1,0,0,0,1,0
0,1,0,1,0,0,1,0,1,1,1,0,0,0,0,0,0,0,0,0
0,1,0,0,0,1,0,0,1,1,0,0,1,0,0,0,1,0,0,0
1,0,1,0,0,0,1,0,1,0,0,0,0,0,1,0,0,1,0,0
1,0,0,0,0,0,0,0,0,1,0,0,1,0,1,0,1,0,1,0
0,0,0,0,1,0,0,0,1,0,1,1,0,1,0,0,0,0,0,1
0,0,1,0,1,0,1,0,0,0,1,0,0,0,0,0,0,0,1,1
0,0,0,0,1,0,0,0,0,1,1,1,0,0,0,0,0,1,1,0
0,0,0,0,1,0,0,0,1,0,1,0,1,0,0,0,1,0,0,1
0,1,0,0,1,0,1,0,0,1,1,0,0,0,0,0,0,0,1,0
0,0,1,0,0,1,1,0,0,0,0,1,0,0,0,0,0,0,1,1
0,0,0,0,0,1,1,0,0,1,0,1,0,0,1,0,0,0,1,0
0,0,0,0,0,0,1,0,1,1,1,1,0,0,1,0,0,0,0,0
1,1,0,0,0,0,0,0,1,1,0,0,0,0,1,0,1,0,0,0
0,0,1,0,0,0,1,0,0,1,1,0,0,0,1,0,0,0,1,0
0,0,0,0,1,0,0,1,0,0,1,0,1,0,0,0,1,0,1,0
1,0,0,0,0,0,0,0,0,0,0,1,1,0,1,1,1,0,0,0
0,1,1,0,1,0,1,0,0,1,1,0,0,0,0,0,0,0,0,0
1,1,0,0,0,0,0,0,1,0,0,0,1,0,1,0,0,0,0,1
0,0,0,0,0,0,1,0,0,1,0,1,1,0,1,0,0,0,1,0
0,1,1,1,1,0,1,0,0,0,1,0,0,0,0,0,0,0,0,0
1,0,0,0,0,0,0,0,1,1,0,0,1,0,1,1,0,0,0,0
1,0,0,0,0,1,0,1,0,0,0,1,0,0,1,0,0,0,1,0
0,0,0,0,0,1,1,0,0,0,0,1,0,0,1,0,0,0,1,1
0,0,0,0,0,0,1,1,0,0,0,1,1,0,1,0,0,0,1,0
1,0,0,0,0,0,0,1,0,0,0,1,1,0,1,0,1,0,0,0
0,1,1,0,1,0,0,0,1,0,0,0,0,0,0,1,1,0,0,0
0,0,0,0,1,0,0,0,1,1,1,0,1,0,0,0,1,0,0,0
1,0,0,0,1,0,0,0,1,0,0,0,1,0,0,0,1,0,0,1
1,0,0,0,0,0,1,0,0,1,0,0,1,0,1,0,0,0,1,0
1,0,0,0,0,0,0,1,1,1,0,0,1,0,1,0,0,0,0,0
1,0,0,0,0,0,0,1,1,0,0,0,1,0,1,0,1,0,0,0
1,1,0,0,0,0,0,1,1,0,0,0,0,0,1,0,0,0,0,1
0,1,0,1,1,0,0,0,1,0,1,0,0,0,0,1,0,0,0,0
1,0,1,0,0,1,1,0,0,0,0,0,0,0,1,0,0,0,1,0
0,0,0,0,1,0,0,0,1,1,0,1,1,0,0,0,1,0,0,0
1,0,0,0,1,0,0,0,1,1,0,0,1,0,0,0,1,0,0,0
1,1,0,0,0,1,0,0,1,1,0,0,0,0,0,0,1,0,0,0
1,0,0,0,0,0,0,0,1,0,0,1,1,0,1,0,0,1,0,0
0,0,1,0,0,0,1,1,0,1,0,1,0,0,0,0,0,0,1,0
1,0,0,0,0,0,0,0,1,0,0,1,0,0,1,0,1,0,0,1
0,1,0,0,0,0,0,1,1,0,0,0,1,0,0,0,1,0,0,1
0,1,0,1,1,0,0,0,1,1,1,0,0,0,0,0,0,0,0,0
0,1,1,0,0,0,1,0,1,0,1,0,0,0,0,0,0,0,0,1
0,0,0,0,1,0,1,0,0,1,1,1,0,0,0,0,0,0,1,0
1,0,0,0,0,0,0,0,1,0,0,1,0,0,1,0,1,0,0,1
0,0,0,0,1,0,0,0,1,1,1,0,1,0,0,0,1,0,0,0
0,0,1,0,0,0,1,0,0,0,1,0,0,0,1,0,0,0,1,1
0,0,1,0,0,0,1,0,0,1,1,0,0,0,1,0,0,0,1,0
0,0,0,0,1,0,1,0,1,1,1,0,1,0,0,0,0,0,0,0
1,1,0,0,1,0,0,0,1,0,0,0,1,0,0,0,1,0,0,0
1,1,0,0,0,0,0,0,1,1,0,0,1,0,1,0,0,0,0,0
1,0,0,0,0,0,0,1,0,0,0,1,0,0,1,1,0,0,1,0
1,0,0,0,0,0,0,0,1,1,0,1,0,0,1,1,0,0,0,0
1,0,1,0,0,0,1,1,0,0,0,1,0,0,1,0,0,0,0,0
1,0,0,0,0,0,0,0,1,1,0,1,1,0,0,0,1,0,0,0
1,1,0,0,1,0,0,0,1,1,0,0,1,0,0,0,0,0,0,0
1,0,1,0,0,0,1,0,1,0,0,0,0,0,1,1,0,0,0,0
1,0,0,0,1,0,0,0,1,1,0,0,1,0,0,0,1,0,0,0
0,0,0,0,1,0,0,0,1,1,1,1,0,1,0,0,0,0,0,0
0,1,1,0,1,0,0,0,1,0,1,0,0,0,0,0,0,0,0,1
0,0,1,0,1,1,1,0,0,0,1,0,0,0,0,0,0,0,1,0
1,1,0,0,0,0,0,0,1,1,0,0,1,0,0,0,1,0,0,0
0,1,1,0,1,0,1,1,0,0,1,0,0,0,0,0,0,0,0,0
0,1,0,0,1,0,0,0,1,1,0,0,0,0,0,0,1,1,0,0
0,0,0,0,0,1,1,0,0,0,0,1,0,0,1,0,0,0,1,1
1,0,0,0,0,0,0,0,1,0,0,1,0,0,1,0,1,0,0,1
0,1,0,1,1,0,0,0,0,1,1,0,0,0,0,0,0,0,1,0
0,0,0,0,0,0,1,0,1,0,0,1,1,0,1,0,0,0,0,1
0,0,1,0,1,0,1,0,1,0,1,0,0,0,0,0,0,0,0,1
1,0,0,0,0,0,0,0,0,0,0,1,1,0,1,0,1,0,0,1
0,0,1,0,1,0,1,0,1,0,1,0,0,0,0,0,0,1,0,0
0,0,0,0,1,0,0,0,1,0,1,0,1,0,0,1,1,0,0,0
1,0,0,0,0,0,0,0,1,0,0,0,1,0,1,0,1,1,0,0
1,0,0,0,0,0,0,1,0,0,0,1,0,1,1,0,0,0,1,0
0,0,1,0,0,0,1,0,0,0,1,0,0,0,1,0,0,0,1,1
1,1,0,0,1,0,0,0,1,1,0,0,1,0,0,0,0,0,0,0
1,0,0,0,0,0,0,0,0,1,0,1,0,0,1,0,0,1,1,0
0,0,1,0,1,0,1,0,1,0,1,0,0,0,0,0,0,0,0,1
0,1,1,0,1,0,0,0,1,0,1,0,0,0,0,1,0,0,0,0
0,0,0,0,1,0,0,0,1,0,0,0,1,0,0,0,1,1,0,1
0,0,1,0,0,0,1,0,1,0,0,1,0,0,1,0,0,0,0,1
1,1,0,0,1,0,0,0,1,1,0,0,0,0,0,0,1,0,0,0
0,1,0,0,0,0,0,1,1,1,0,0,1,0,0,0,1,0,0,0
0,1,0,0,1,0,0,0,1,0,0,0,1,1,0,0,1,0,0,0
0,1,0,0,1,0,0,0,1,0,0,0,0,0,0,0,1,1,0,1
0,0,1,0,0,0,0,0,0,0,1,1,0,0,1,0,0,0,1,1
0,1,1,0,0,0,1,0,1,1,0,0,0,0,1,0,0,0,0,0
1,0,0,0,0,1,0,0,0,1,0,1,0,0,1,0,0,0,1,0
0,1,0,0,1,0,0,0,1,0,0,0,0,0,0,0,1,1,0,1
0,0,1,1,0,0,1,0,0,0,0,1,0,0,1,0,0,0,1,0
1,0,0,0,1,0,0,0,1,1,0,0,1,0,0,0,1,0,0,0
0,1,0,1,1,0,0,0,1,1,0,0,0,0,0,0,1,0,0,0
1,0,0,0,0,0,0,0,0,0,0,1,0,0,1,0,0,1,1,1
0,0,1,0,0,0,1,0,0,1,0,1,0,0,1,0,0,0,1,0
1,1,0,0,0,0,0,0,1,1,0,0,1,0,0,0,1,0,0,0
1,0,0,0,0,0,0,0,1,0,0,1,0,1,1,0,0,0,0,1
0,1,0,0,1,0,0,0,1,0,1,0,0,0,0,0,1,0,0,1
0,0,0,0,0,1,1,0,0,0,0,1,0,0,1,0,0,0,1,1
1,0,0,0,0,0,0,0,1,1,0,1,0,0,1,0,1,0,0,0
1,0,0,0,0,0,1,0,0,0,0,0,1,0,1,0,0,0,1,1
0,0,1,0,1,0,1,0,0,0,1,1,0,0,0,0,0,0,1,0
1,0,0,0,0,0,0,0,1,0,0,0,1,0,1,0,1,0,0,1
0,1,0,0,1,0,0,0,1,0,0,0,1,0,0,0,1,0,0,1
0,1,0,0,1,0,0,0,1,0,1,0,0,0,0,1,0,1,0,0
1,0,1,0,0,0,1,0,1,0,0,0,0,0,1,0,0,1,0,0
1,0,0,0,0,0,0,0,0,0,0,1,1,0,1,1,1,0,0,0
0,0,0,0,1,0,0,1,0,0,1,1,0,1,0,0,0,0,1,0
0,1,0,0,1,0,0,0,0,1,0,0,1,0,0,0,1,0,1,0
1,0,0,0,1,0,0,0,1,1,0,0,1,0,0,0,1,0,0,0
0,1,0,1,1,0,0,0,1,1,1,0,0,0,0,0,0,0,0,0
0,0,1,0,1,0,1,1,1,0,1,0,0,0,0,0,0,0,0,0
1,1,0,0,1,0,0,0,1,1,0,0,0,0,0,0,1,0,0,0
0,0,1,1,0,0,1,0,0,1,0,1,0,0,0,0,0,0,1,0
1,0,0,1,0,0,0,0,1,1,0,0,1,0,1,0,0,0,0,0
0,0,0,0,1,0,0,0,0,0,1,1,0,0,0,1,0,0,1,1
1,1,0,0,1,0,0,0,1,0,0,0,0,0,0,0,1,0,0,1
0,0,1,0,1,0,1,0,0,0,1,0,0,0,0,0,0,1,1,0
1,0,0,0,0,1,0,0,0,0,0,0,1,0,1,0,1,1,0,0
1,0,0,0,0,0,0,0,0,1,0,1,0,0,1,0,1,0,1,0
0,0,0,0,0,1,1,0,0,0,1,1,0,0,1,0,0,0,1,0
1,0,0,0,0,0,0,0,1,1,0,1,0,0,1,0,1,0,0,0
0,1,0,0,1,0,1,0,1,0,1,0,0,0,0,0,0,0,0,1
1,0,1,1,0,0,1,0,0,0,0,0,0,0,1,0,0,0,1,0
0,1,0,0,1,0,0,0,1,0,1,0,1,0,0,0,1,0,0,0
1,0,0,0,0,1,0,1,0,0,0,1,0,0,1,0,0,0,1,0
0,1,0,0,1,0,1,0,1,1,1,0,0,0,0,0,0,0,0,0
0,0,1,0,1,0,0,0,1,1,1,0,0,0,0,0,1,0,0,0
0,0,0,0,1,0,1,0,0,1,1,1,0,0,0,0,0,0,1,0
0,0,1,0,0,0,1,0,0,1,0,1,0,0,0,0,0,1,1,0
0,1,1,0,1,0,1,0,1,0,0,0,0,0,0,1,0,0,0,0
0,0,1,0,0,0,1,0,0,1,1,0,0,0,1,0,0,0,1,0
0,0,0,0,0,0,1,1,0,0,1,1,0,0,1,0,0,0,1,0
1,0,0,0,0,0,0,0,0,1,0,0,1,0,1,0,1,0,1,0
1,0,0,0,0,0,0,0,1,1,0,1,0,0,1,0,1,0,0,0
1,0,0,0,0,0,0,0,0,0,0,1,1,0,1,0,1,1,0,0
1,0,0,0,0,1,0,0,1,1,0,0,1,0,1,0,0,0,0,0
0,1,1,0,1,0,1,0,1,0,0,0,0,0,0,0,0,0,0,1
0,0,1,0,0,0,1,0,0,0,1,0,0,0,1,0,0,0,1,1
1,0,0,0,0,1,0,0,0,0,0,1,1,0,1,0,1,0,0,0
0,0,1,0,0,0,1,0,0,0,0,1,0,0,1,1,0,0,1,0
0,0,0,0,0,0,0,0,0,1,0,1,1,0,1,0,1,0,1,0
1,0,0,0,0,0,0,0,0,0,0,1,1,0,1,0,0,1,1,0
1,1,0,0,0,0,0,0,1,0,0,0,1,0,1,0,1,0,0,0
0,0,0,0,1,0,0,1,0,1,1,1,0,0,0,0,0,0,1,0
0,1,1,0,0,0,1,0,1,1,1,0,0,0,0,0,0,0,0,0
0,0,0,0,0,1,1,0,0,0,1,1,0,0,1,0,0,0,1,0
1,0,0,0,1,0,0,0,1,1,0,0,1,0,0,0,1,0,0,0
0,1,0,0,1,0,0,1,0,1,1,0,0,0,0,0,0,0,1,0
0,1,0,0,1,0,1,0,1,0,1,0,0,1,0,0,0,0,0,0
0,0,1,0,1,0,0,0,1,0,1,0,0,0,0,0,0,1,0,1
0,0,1,0,1,0,1,0,0,0,1,1,0,0,0,0,0,0,1,0
0,1,0,1,1,0,0,0,1,0,1,0,0,0,0,0,0,0,0,1
1,0,0,0,0,0,0,0,1,1,0,0,1,0,1,0,1,0,0,0
0,1,0,0,1,0,0,1,1,1,1,0,0,0,0,0,0,0,0,0
0,1,1,0,1,1,0,0,1,0,1,0,0,0,0,0,0,0,0,0
0,0,0,0,1,1,0,0,0,0,1,1,0,0,0,0,0,0,1,1
0,0,1,0,1,0,0,0,0,0,1,0,0,0,0,0,0,1,1,1
0,1,0,0,1,0,0,1,1,1,0,0,0,0,0,0,1,0,0,0
1,0,1,0,0,0,1,0,0,0,0,1,0,0,1,0,0,0,1,0
1,0,0,0,0,0,0,0,0,0,0,1,1,1,1,0,1,0,0,0
0,0,1,0,0,1,1,0,0,1,0,0,0,0,1,0,0,0,1,0
1,0,0,0,0,0,0,1,0,1,0,1,0,0,1,0,0,0,1,0
1,0,1,0,0,0,0,0,0,0,0,0,0,0,1,0,1,0,1,1
0,1,1,0,1,0,1,1,0,0,1,0,0,0,0,0,0,0,0,0
1,0,0,0,0,0,0,0,1,1,0,0,1,0,1,0,1,0,0,0
0,1,0,0,0,0,0,0,1,1,0,0,1,0,0,0,1,1,0,0
1,0,0,0,0,0,0,0,0,0,0,1,1,1,1,0,1,0,0,0
0,1,0,0,1,0,0,1,0,0,1,0,0,0,0,0,0,0,1,1
0,0,1,0,0,0,1,0,0,0,0,1,0,0,1,0,0,0,1,1
1,1,0,0,0,0,0,1,1,0,0,0,0,0,0,0,1,0,0,1
0,0,1,0,0,0,0,0,0,1,1,1,0,0,1,0,0,0,1,0
1,0,0,0,0,0,0,0,1,0,0,1,1,0,1,0,0,0,0,1
0,0,1,0,1,0,1,0,1,0,1,0,0,1,0,0,0,0,0,0
1,1,0,0,1,0,0,0,1,1,0,0,0,0,0,0,1,0,0,0
1,0,0,0,0,1,0,0,0,0,0,1,1,0,1,0,0,0,1,0
1,1,0,0,0,0,0,0,1,0,0,0,1,0,1,0,1,0,0,0
0,0,0,0,1,1,1,0,0,0,1,1,0,0,0,0,0,0,1,0
1,0,0,0,0,1,0,0,0,0,0,0,1,0,1,0,1,0,1,0
0,0,1,0,0,0,0,0,0,0,1,1,0,0,1,0,0,0,1,1
1,1,0,0,0,0,0,1,1,1,0,0,0,0,1,0,0,0,0,0
0,1,0,0,1,0,0,0,0,1,1,0,0,0,0,1,0,0,1,0
1,0,0,0,0,1,0,0,1,0,0,0,1,0,1,0,1,0,0,0
0,1,1,1,1,0,1,0,0,0,1,0,0,0,0,0,0,0,0,0
1,0,0,1,0,0,0,0,0,0,0,1,0,0,1,0,0,0,1,1
0,0,1,1,1,0,0,0,1,0,1,0,0,0,0,0,0,0,0,1
0,1,0,0,1,0,1,0,0,0,1,0,0,0,0,0,0,0,1,1
1,0,0,1,0,0,0,0,1,0,0,0,1,0,1,0,1,0,0,0
1,1,0,1,0,0,0,0,1,0,0,0,0,0,0,0,1,0,0,1
1,0,0,0,0,0,0,0,1,1,0,1,0,0,1,0,0,1,0,0
1,0,0,0,1,0,0,0,1,1,0,0,1,0,0,0,1,0,0,0
1,0,0,0,0,0,1,0,0,0,0,0,1,0,1,0,0,0,1,1
0,0,1,0,0,0,1,0,0,0,1,0,0,0,1,0,0,0,1,1
0,1,0,0,1,0,0,0,1,0,0,0,1,0,0,0,1,0,0,1
0,1,0,0,1,0,0,0,1,1,1,0,0,0,0,0,1,0,0,0
0,1,0,0,1,0,1,0,1,0,1,0,0,0,0,0,0,0,0,1
0,1,0,0,1,0,1,0,0,1,1,0,0,0,0,0,0,0,1,0
0,0,0,0,1,0,0,0,1,0,1,0,1,0,0,1,0,0,0,1
0,1,0,0,1,1,0,0,1,0,0,0,0,0,0,0,1,0,0,1
0,1,0,0,1,0,0,1,1,0,0,0,0,0,0,0,1,0,0,1
0,1,1,0,1,0,0,0,0,1,1,0,0,0,0,0,0,0,1,0
0,1,1,0,1,0,1,0,0,1,1,0,0,0,0,0,0,0,0,0
0,0,1,0,0,0,1,0,0,1,1,0,0,0,1,0,0,0,1,0
0,0,0,0,1,0,1,0,0,1,1,1,0,0,0,0,0,0,1,0
0,0,1,0,0,0,1,0,0,0,1,1,0,0,0,0,0,0,1,1
0,0,0,0,0,0,1,0,0,0,0,1,0,0,1,1,0,0,1,1
1,0,0,0,0,0,0,1,1,0,0,1,0,0,1,0,0,0,0,1
1,0,1,0,0,0,0,0,0,0,0,1,0,0,1,0,0,0,1,1
0,0,0,0,1,1,0,0,0,0,0,1,1,0,0,0,1,0,1,0
0,1,0,0,1,0,0,0,1,0,0,0,1,1,0,0,1,0,0,0
0,1,0,0,1,0,1,0,0,1,1,0,0,0,0,0,0,0,1,0
0,0,1,0,0,0,1,0,0,0,1,1,0,0,0,0,0,0,1,1
0,1,1,0,0,0,1,0,0,0,0,0,0,0,1,0,0,0,1,1
1,0,1,0,0,0,1,0,0,1,0,1,0,0,1,0,0,0,0,0
0,1,0,0,1,0,0,0,1,0,1,0,0,0,0,0,1,0,0,1
0,0,1,0,1,0,1,0,0,1,1,0,0,0,0,0,0,0,1,0
0,0,0,0,0,0,1,0,0,0,1,1,0,0,1,0,0,0,1,1
1,0,0,0,0,1,0,0,1,1,0,1,0,0,1,0,0,0,0,0
1,0,0,0,0,0,0,0,1,1,0,0,1,0,1,1,0,0,0,0
0,1,0,1,1,0,0,0,0,0,1,0,0,0,0,0,0,0,1,1
0,0,1,0,0,0,1,0,0,0,1,1,0,0,0,0,0,0,1,1
0,0,1,0,1,0,1,0,1,0,1,0,0,0,0,1,0,0,0,0
0,1,1,0,0,0,1,0,0,1,0,0,0,0,1,0,0,0,1,0
0,1,0,0,1,0,0,1,1,1,1,0,0,0,0,0,0,0,0,0
0,0,1,0,1,0,0,0,1,0,1,0,0,0,0,0,1,0,0,1
0,1,0,0,1,0,0,0,1,0,1,0,1,0,0,0,0,1,0,0
1,0,0,0,0,0,0,0,1,1,0,1,1,0,0,0,1,0,0,0
1,1,0,1,0,0,0,0,1,1,0,0,0,0,1,0,0,0,0,0
0,1,0,0,1,1,0,0,1,0,0,0,0,0,0,0,1,0,0,1
0,0,1,0,0,0,1,0,0,0,0,1,0,0,1,0,0,1,1,0
1,0,1,1,0,0,1,0,0,0,0,1,0,0,1,0,0,0,0,0
0,1,0,0,1,0,1,0,1,0,1,0,0,0,0,0,0,0,0,1
0,1,0,0,1,0,0,0,0,1,1,0,0,0,0,0,0,1,1,0
0,0,1,0,1,0,1,1,1,0,1,0,0,0,0,0,0,0,0,0
0,1,1,0,1,0,1,0,0,0,1,0,0,0,0,1,0,0,0,0
1,0,0,0,0,0,0,0,1,1,0,1,0,1,1,0,0,0,0,0
1,0,0,0,0,0,1,0,0,1,0,1,0,0,1,0,0,0,1,0
0,1,0,0,1,0,0,0,1,0,0,0,1,0,0,0,1,0,0,1
0,0,1,0,0,1,1,0,0,1,0,1,0,0,0,0,0,0,1,0
0,1,0,0,1,0,1,0,0,1,1,0,0,0,0,0,0,0,1,0
0,1,0,0,1,0,0,1,1,0,1,0,0,0,0,1,0,0,0,0
0,1,1,0,1,0,1,0,0,0,1,0,0,0,0,1,0,0,0,0
1,0,0,1,0,0,0,0,0,0,0,1,1,0,1,0,1,0,0,0
1,0,0,0,1,0,0,0,1,0,0,0,1,0,0,0,1,0,0,1
0,0,1,0,0,0,1,0,0,1,1,0,0,0,1,0,0,0,1,0
0,0,0,0,1,0,0,1,0,1,1,1,0,0,0,0,0,0,1,0
1,0,0,0,0,0,0,0,1,0,0,1,1,0,1,1,0,0,0,0
0,0,1,0,1,0,1,0,1,0,1,0,0,0,0,0,0,0,0,1
0,0,1,0,1,0,1,1,0,0,1,0,0,0,0,1,0,0,0,0
0,0,0,0,1,0,0,0,1,1,1,0,1,0,0,0,0,1,0,0
0,0,1,1,0,0,1,0,0,1,0,0,0,0,1,0,0,0,1,0
0,0,1,0,0,0,1,0,0,1,1,0,0,0,1,0,0,0,1,0
1,0,0,0,0,0,0,0,1,1,0,1,1,0,1,0,0,0,0,0
0,1,1,0,0,0,1,0,0,1,1,0,0,0,0,0,0,0,1,0
1,0,0,0,1,0,0,0,1,0,0,0,1,0,0,0,1,0,0,1
1,0,0,0,1,0,0,0,1,1,0,0,1,0,0,0,1,0,0,0
1,0,0,0,0,0,0,0,0,0,0,0,1,1,1,0,1,0,1,0
0,1,1,0,0,0,1,0,1,0,1,0,0,0,0,0,0,0,0,1
0,0,1,0,1,0,1,0,0,0,1,0,0,1,0,1,0,0,0,0
0,1,0,0,1,0,0,0,1,1,1,0,1,0,0,0,0,0,0,0
0,0,1,0,1,1,1,0,1,0,1,0,0,0,0,0,0,0,0,0
1,0,1,0,0,0,0,0,0,0,0,1,0,0,1,0,0,0,1,1
1,0,0,0,0,0,0,1,1,1,0,0,1,0,1,0,0,0,0,0
1,0,0,0,0,0,0,1,0,0,0,1,1,0,1,0,1,0,0,0
0,0,1,0,1,0,1,0,0,0,1,0,0,0,0,1,0,1,0,0
0,1,0,0,0,0,0,0,1,1,0,0,1,1,0,0,1,0,0,0
1,0,1,0,0,1,1,0,0,0,0,0,0,0,1,0,0,0,1,0
0,1,0,0,1,0,0,0,1,0,1,0,1,0,0,0,1,0,0,0
0,0,1,0,1,1,0,0,0,1,1,0,0,0,0,0,0,0,1,0
0,0,0,0,1,0,0,0,0,1,1,1,0,0,0,1,0,0,1,0
1,0,0,0,0,0,0,1,0,0,0,1,0,0,1,0,0,0,1,1
0,1,0,0,1,0,0,0,1,0,1,0,0,0,0,0,1,0,0,1
1,0,0,0,0,0,0,0,1,1,0,1,0,1,1,0,0,0,0,0
0,1,1,0,0,0,1,0,1,0,0,0,0,0,1,0,0,0,0,1
0,0,1,0,1,0,0,0,0,1,1,1,0,0,0,0,0,0,1,0
1,0,0,0,0,0,0,0,0,0,0,1,0,0,1,1,0,0,1,1
0,0,0,0,0,0,1,0,0,1,0,1,0,0,1,0,0,1,1,0
0,0,0,0,0,0,1,0,0,1,0,1,0,0,1,0,0,1,1,0
0,0,1,1,1,1,1,0,0,0,1,0,0,0,0,0,0,0,0,0
1,0,0,0,0,0,0,0,1,0,0,0,1,0,1,0,1,0,0,1
0,1,0,0,1,1,0,0,1,0,0,0,0,0,0,0,1,0,0,1
0,1,0,0,0,0,0,0,1,0,0,0,1,0,0,0,1,1,0,1
1,0,0,0,0,0,1,0,0,1,0,1,0,0,1,0,0,0,1,0
1,0,1,0,0,0,0,0,0,0,0,1,0,0,1,0,0,0,1,1
0,0,1,0,1,0,1,0,0,0,1,0,0,0,0,0,0,0,1,1
1,0,0,0,0,0,1,0,0,0,0,1,0,0,1,0,0,0,1,1
0,1,0,0,1,0,0,0,1,1,0,0,0,1,0,0,1,0,0,0
0,0,1,0,0,0,1,0,0,1,1,1,0,0,0,0,0,0,1,0
1,0,1,0,0,0,1,0,1,0,0,0,0,0,1,1,0,0,0,0
0,0,0,0,0,0,1,0,0,1,0,1,0,0,1,0,0,1,1,0
0,1,1,0,0,0,1,0,0,0,1,0,0,0,0,0,0,0,1,1
0,1,1,1,1,0,0,0,1,0,1,0,0,0,0,0,0,0,0,0
0,1,0,0,1,0,0,0,1,0,0,0,0,0,0,0,1,1,0,1
0,1,1,0,1,0,1,0,0,0,1,0,0,0,0,1,0,0,0,0
1,0,0,0,0,0,0,1,1,0,0,0,1,0,1,0,1,0,0,0
0,0,1,0,0,1,1,0,0,0,0,1,0,0,0,0,0,0,1,1
1,0,0,0,0,1,1,0,0,0,0,1,0,0,1,0,0,0,1,0
0,1,1,0,1,0,1,0,0,0,1,0,0,0,0,0,0,1,0,0
1,0,0,0,0,1,0,0,1,0,0,1,0,0,1,0,0,0,0,1
1,1,0,1,0,0,0,0,0,0,0,0,0,0,1,0,0,0,1,1
0,1,0,0,1,0,1,0,0,0,1,0,0,0,0,0,0,0,1,1
1,0,0,0,0,0,0,0,1,1,0,0,1,0,1,0,1,0,0,0
0,1,0,0,1,1,0,0,0,0,1,0,1,0,0,0,1,0,0,0
1,0,0,0,0,0,0,1,0,0,0,0,1,1,1,0,1,0,0,0
0,1,0,0,1,0,0,1,1,0,0,0,0,0,0,0,1,0,0,1
0,1,0,0,1,0,0,0,1,0,1,0,0,0,0,1,0,0,0,1
0,1,0,0,1,0,0,1,1,0,1,0,0,0,0,1,0,0,0,0
0,1,0,0,1,0,1,0,1,1,1,0,0,0,0,0,0,0,0,0
0,0,1,0,1,0,1,0,0,0,1,0,0,0,0,0,0,0,1,1
0,1,0,0,1,0,0,0,1,0,1,0,0,0,0,0,1,0,0,1
0,0,1,0,0,0,1,1,0,0,0,1,0,0,1,0,0,0,1,0
0,1,1,0,1,0,1,0,1,0,1,0,0,0,0,0,0,0,0,0
0,0,0,0,1,0,0,0,1,0,1,0,1,0,0,0,0,1,0,1
0,1,0,0,1,0,0,0,1,0,1,0,0,0,0,1,0,1,0,0
1,0,0,0,0,0,0,0,0,1,0,1,0,0,1,0,1,0,1,0
0,0,1,0,0,0,1,0,0,0,0,0,0,0,1,1,0,0,1,1
0,0,1,0,1,0,1,0,0,0,1,0,0,0,0,0,0,0,1,1
0,0,1,0,0,0,1,0,0,1,1,1,0,0,0,0,0,0,1,0
0,0,0,0,1,0,0,0,1,0,1,1,0,1,0,0,0,0,0,1
1,0,1,0,0,0,0,0,0,0,0,0,0,0,1,1,0,0,1,1
0,0,0,0,0,0,1,0,0,1,1,1,0,0,1,0,0,0,1,0
0,0,1,0,0,0,1,1,0,1,0,0,0,0,1,0,0,0,1,0
1,0,0,0,0,0,0,0,0,0,0,1,0,1,1,0,0,0,1,1
0,1,0,0,1,0,0,0,1,0,1,0,0,0,0,1,0,1,0,0
1,0,0,0,0,1,0,0,0,0,0,0,1,0,1,0,1,0,1,0
0,0,1,0,1,1,1,0,1,0,1,0,0,0,0,0,0,0,0,0
1,0,0,0,0,0,0,0,0,1,0,1,1,0,1,0,0,0,1,0
0,0,1,0,1,0,1,0,0,0,1,0,0,0,0,1,0,0,1,0
0,0,0,0,0,1,1,0,0,0,0,1,1,0,1,0,0,0,1,0
1,0,1,0,0,0,0,0,0,1,0,0,0,0,1,0,1,0,1,0
1,1,0,0,0,0,0,1,0,1,0,0,0,0,1,0,0,0,1,0
1,0,0,0,0,1,0,0,0,0,0,1,0,0,1,0,0,1,1,0
0,0,0,0,1,0,0,0,1,1,1,1,0,0,0,1,0,0,0,0
0,0,1,0,1,0,1,0,1,1,1,0,0,0,0,0,0,0,0,0
1,0,1,0,0,0,1,0,1,0,0,0,0,0,1,0,0,0,0,1
1,1,0,0,0,0,0,0,0,0,0,0,1,0,1,1,1,0,0,0
0,0,0,0,1,0,0,0,0,0,1,0,1,0,0,0,1,0,1,1
1,0,0,0,0,0,0,0,0,1,0,1,0,0,1,0,0,1,1,0
0,1,0,0,1,0,0,0,1,1,0,0,1,0,0,0,1,0,0,0
0,1,1,0,1,0,1,0,0,0,1,0,0,0,0,1,0,0,0,0
1,0,0,0,0,1,0,0,0,0,0,1,0,0,1,0,1,0,1,0
0,1,0,0,1,0,1,0,0,1,1,0,0,0,0,0,0,0,1,0
0,1,1,0,1,0,0,1,1,0,1,0,0,0,0,0,0,0,0,0
0,0,1,0,1,1,1,1,0,0,1,0,0,0,0,0,0,0,0,0
0,0,0,1,0,0,1,0,1,1,0,1,0,0,1,0,0,0,0,0
1,0,0,0,0,0,0,0,1,0,0,0,1,0,1,1,1,0,0,0
0,1,0,0,1,0,0,0,0,0,0,0,0,1,0,0,1,0,1,1
1,0,0,0,0,0,0,0,0,0,0,1,1,1,1,0,1,0,0,0
0,0,0,0,1,1,0,0,0,0,1,1,0,0,0,0,0,1,1,0
1,0,0,0,0,0,0,0,0,0,0,1,1,0,1,0,1,0,1,0
1,0,1,0,0,1,0,0,0,1,0,0,0,0,1,0,0,0,1,0
0,0,0,0,0,0,1,0,0,0,1,1,0,1,0,0,0,0,1,1
1,0,0,0,0,0,0,0,0,1,0,1,0,0,1,1,0,0,1,0
1,0,0,0,0,0,0,0,1,0,0,0,1,0,1,1,0,0,0,1
1,1,0,0,0,0,0,0,1,0,0,0,1,0,0,0,1,0,0,1
0,0,1,0,1,0,1,0,0,0,1,0,0,0,0,1,0,0,1,0
0,0,1,0,1,0,1,1,0,0,1,0,0,0,0,1,0,0,0,0
0,1,0,0,1,1,1,0,1,0,1,0,0,0,0,0,0,0,0,0
0,1,0,0,0,0,0,1,1,1,0,0,1,0,0,0,1,0,0,0
0,0,1,0,0,0,1,0,0,1,0,0,0,0,1,0,0,1,1,0
1,1,0,0,0,1,0,0,1,0,0,0,0,0,1,0,0,0,0,1
1,0,0,0,0,1,0,0,0,0,0,1,0,1,1,0,0,0,1,0
1,1,0,0,0,0,0,0,1,1,0,0,0,0,0,1,1,0,0,0
1,0,0,0,0,0,0,0,0,0,0,0,1,0,1,1,1,0,1,0
0,1,0,0,1,0,1,0,0,0,1,0,0,0,0,0,0,0,1,1
1,1,0,0,1,0,0,0,0,0,0,0,0,0,0,0,1,0,1,1
0,0,1,0,0,0,1,0,0,0,0,1,0,0,1,0,0,0,1,1
1,0,0,0,0,0,0,0,0,0,0,1,0,0,1,0,1,0,1,1
1,0,0,0,0,1,0,0,0,1,0,1,0,0,1,0,0,0,1,0
1,0,0,0,0,1,0,0,1,1,0,1,0,0,1,0,0,0,0,0
0,1,0,0,1,0,0,0,1,1,1,0,1,0,0,0,0,0,0,0
0,0,1,0,1,0,0,1,0,1,1,0,0,0,0,0,0,0,1,0
0,1,1,0,1,0,1,0,1,0,1,0,0,0,0,0,0,0,0,0
0,0,1,0,1,0,1,0,1,0,1,0,0,0,0,0,0,0,0,1
0,1,1,0,1,1,1,0,0,0,1,0,0,0,0,0,0,0,0,0
1,0,0,0,0,0,0,1,0,0,0,1,0,0,1,0,0,0,1,1
1,0,0,0,0,0,0,0,1,0,0,0,1,0,1,0,1,0,0,1
1,1,0,0,1,0,0,0,1,1,0,0,0,0,0,0,1,0,0,0
1,0,0,0,0,0,0,0,0,0,0,1,0,0,1,0,1,1,1,0
0,0,1,1,1,0,1,0,0,0,1,0,0,0,0,1,0,0,0,0
0,1,0,0,1,0,0,0,0,0,1,0,1,0,0,1,1,0,0,0
0,1,0,0,1,0,1,0,0,0,1,0,0,0,0,0,0,0,1,1
1,1,0,0,0,1,0,0,0,0,0,0,1,0,1,0,1,0,0,0
0,0,0,0,1,0,0,0,0,1,0,1,1,0,0,0,1,0,1,0
1,0,1,1,0,0,1,1,0,0,0,0,0,0,1,0,0,0,0,0
1,0,0,0,0,0,0,0,0,0,0,1,1,1,1,0,1,0,0,0
1,0,1,0,0,0,1,0,0,1,0,0,0,0,1,0,0,0,1,0
1,0,0,0,0,0,0,0,0,0,0,1,0,0,1,0,1,0,1,1
0,1,0,0,1,0,0,0,1,1,0,0,0,0,0,0,1,1,0,0
0,0,1,0,1,0,1,0,0,0,1,0,0,1,0,0,0,0,1,0
0,0,0,0,1,0,0,0,0,0,1,1,0,0,0,0,0,1,1,1
1,0,0,0,0,0,0,0,0,0,0,1,0,0,1,0,0,1,1,1
0,1,0,0,1,0,1,0,0,0,1,0,0,0,0,0,0,0,1,1
1,0,0,1,0,1,0,0,0,0,0,0,1,0,1,0,1,0,0,0
1,1,0,0,0,0,0,0,0,1,0,0,0,0,1,0,1,0,1,0
1,0,0,0,0,1,0,0,0,0,0,1,0,0,1,0,0,0,1,1
1,1,0,0,0,0,0,0,1,1,0,0,0,0,0,0,1,1,0,0
0,1,0,0,1,1,0,0,0,0,1,0,1,0,0,0,1,0,0,0
1,0,1,0,0,0,1,0,0,0,0,1,0,0,1,1,0,0,0,0
0,0,1,1,1,0,1,0,1,0,1,0,0,0,0,0,0,0,0,0
1,0,0,0,0,0,0,0,0,0,0,0,1,0,1,1,0,0,1,1
1,0,0,0,0,0,0,0,1,1,0,1,0,0,1,0,1,0,0,0
1,0,1,0,0,0,1,0,1,0,0,0,0,0,1,1,0,0,0,0
0,0,1,0,1,0,0,0,1,1,1,0,0,0,0,0,1,0,0,0
1,0,1,0,0,0,0,0,0,1,0,1,0,0,1,0,0,0,1,0
0,0,1,0,1,1,0,0,0,1,1,0,0,0,0,0,0,0,1,0
0,0,0,0,1,0,1,0,0,0,1,1,0,0,0,0,0,0,1,1
1,0,0,0,0,1,0,1,0,0,0,0,1,0,1,0,1,0,0,0
1,0,1,0,0,0,0,0,0,1,0,1,0,0,1,0,0,0,1,0
1,1,0,0,0,0,0,0,1,1,0,0,0,0,1,1,0,0,0,0
1,1,0,0,1,0,0,0,1,0,0,0,0,0,0,0,1,1,0,0
0,1,1,0,1,0,0,0,1,1,1,0,0,0,0,0,0,0,0,0
0,0,1,1,1,0,0,0,1,1,1,0,0,0,0,0,0,0,0,0
0,0,1,0,0,0,0,0,0,0,1,1,0,0,1,0,0,0,1,1
1,0,0,0,0,0,1,0,0,0,0,1,0,0,1,0,0,0,1,1
1,0,0,0,0,0,0,0,0,0,0,1,1,0,1,0,1,0,0,1
1,0,0,0,0,0,0,0,0,0,0,1,1,0,1,0,1,1,0,0
1,0,0,0,0,0,0,0,1,0,0,1,1,0,1,0,0,0,0,1
0,0,1,0,1,0,1,1,0,0,1,0,0,0,0,0,0,0,1,0
0,1,0,0,1,0,1,0,1,1,1,0,0,0,0,0,0,0,0,0
1,0,0,0,0,0,0,1,1,0,0,0,1,0,1,0,0,0,0,1
0,1,0,0,1,0,0,1,1,1,0,0,0,0,0,0,1,0,0,0
0,1,0,0,1,0,0,0,0,1,1,0,0,0,0,0,1,0,1,0
1,0,0,0,0,0,0,0,1,1,0,1,0,0,1,0,1,0,0,0
0,1,0,0,1,0,0,0,1,1,1,0,1,0,0,0,0,0,0,0
0,0,1,0,0,0,1,1,0,0,0,0,0,0,1,0,0,0,1,1
0,0,0,0,1,0,0,0,0,0,1,1,0,0,0,0,0,1,1,1
0,1,0,0,0,1,0,0,1,0,0,0,1,0,0,0,1,0,0,1
0,0,0,0,1,0,0,0,1,0,1,0,1,1,0,0,0,0,0,1
0,0,0,0,1,0,0,0,0,0,1,1,0,1,0,0,0,0,1,1
0,0,1,1,1,0,1,1,0,0,1,0,0,0,0,0,0,0,0,0
1,0,0,0,0,0,0,0,1,1,0,0,1,0,1,0,0,1,0,0
1,1,0,0,1,0,0,0,1,1,0,0,0,0,0,0,1,0,0,0
1,0,0,0,0,0,1,0,0,1,0,1,0,0,1,0,0,0,1,0
1,0,0,0,0,0,0,0,1,1,0,1,1,0,1,0,0,0,0,0
1,0,1,0,0,0,1,1,0,0,0,0,0,0,1,0,0,0,1,0
0,0,1,0,0,0,1,1,0,1,0,1,0,0,0,0,0,0,1,0
1,0,0,0,0,1,0,0,0,0,0,1,0,0,1,0,0,1,1,0
0,1,1,0,1,0,1,1,0,0,1,0,0,0,0,0,0,0,0,0
0,0,1,0,0,0,1,1,0,0,0,1,0,0,0,0,0,0,1,1
0,1,1,0,1,0,1,0,0,0,0,0,0,0,0,0,0,0,1,1
1,1,0,0,0,0,0,1,0,0,0,0,1,0,1,0,1,0,0,0
0,1,0,0,1,0,0,0,1,1,1,0,0,0,0,0,1,0,0,0
1,0,0,0,0,0,0,0,1,0,0,0,1,0,1,0,0,1,0,1
0,0,0,0,1,0,1,0,1,0,1,1,0,0,0,0,0,0,0,1
0,1,0,0,1,0,0,0,1,1,1,0,1,0,0,0,0,0,0,0
0,1,0,0,1,0,1,0,0,1,1,0,0,0,0,0,0,0,1,0
0,1,1,0,1,0,1,0,0,0,1,0,0,0,0,0,0,0,1,0
0,1,0,1,1,0,0,0,0,1,1,0,0,0,0,0,0,0,1,0
0,1,0,0,1,0,0,1,1,0,1,0,0,0,0,1,0,0,0,0
1,0,0,0,0,0,0,0,0,0,0,1,1,1,1,0,1,0,0,0
0,0,1,0,0,0,1,0,0,1,0,1,0,0,0,0,0,1,1,0
0,1,0,1,1,0,0,0,0,0,1,0,0,0,0,0,0,0,1,1
1,0,0,0,0,0,0,1,0,0,0,1,0,0,1,0,0,0,1,1
0,0,0,0,1,1,0,0,1,1,1,0,1,0,0,0,0,0,0,0
0,1,0,0,1,0,1,0,0,0,1,0,0,0,0,0,0,0,1,1
1,0,1,0,0,0,1,0,0,0,0,1,0,1,1,0,0,0,0,0
1,0,0,0,0,0,0,0,1,1,0,1,1,0,1,0,0,0,0,0
0,1,0,0,1,0,0,0,0,0,1,0,0,0,0,1,0,0,1,1
0,1,0,0,1,0,0,0,0,1,0,0,0,1,0,0,1,0,1,0
1,0,0,1,0,0,0,0,0,1,0,1,0,0,1,0,0,0,1,0
1,0,0,0,0,0,0,0,0,0,0,0,1,0,1,0,1,1,1,0
0,0,1,0,0,0,1,0,0,1,0,1,0,0,0,1,0,0,1,0
0,1,0,0,1,0,0,0,1,0,0,0,0,1,0,1,1,0,0,0
0,0,1,0,1,0,1,1,0,1,1,0,0,0,0,0,0,0,0,0
0,1,0,0,1,1,0,0,1,0,1,0,0,0,0,0,0,0,0,1
0,0,0,0,0,0,1,0,0,1,1,1,0,0,1,0,0,0,1,0
1,1,0,0,0,0,0,0,1,0,0,0,1,0,0,0,1,0,0,1
0,1,1,0,0,0,1,0,0,1,1,0,0,0,0,0,0,0,1,0
0,1,0,1,1,0,0,0,0,0,1,0,1,0,0,0,1,0,0,0
1,0,0,0,0,0,0,0,0,0,0,1,0,0,1,0,0,1,1,1
1,0,1,1,0,0,0,0,0,1,0,0,0,0,1,0,0,0,1,0
0,0,0,0,1,0,1,0,1,1,1,1,0,0,0,0,0,0,0,0
1,0,0,0,0,0,0,0,1,0,0,1,0,0,1,0,0,1,0,1
0,1,0,0,1,1,0,0,1,1,0,0,0,0,0,0,1,0,0,0
0,1,0,0,1,0,0,0,1,1,1,0,0,0,0,0,0,1,0,0
0,0,0,0,1,0,0,0,0,0,1,0,1,0,0,0,1,0,1,1
1,0,1,0,0,0,1,0,0,0,0,1,0,0,1,0,0,1,0,0
1,0,0,0,0,0,0,0,0,0,0,1,0,1,1,0,0,0,1,1
0,1,0,0,1,0,0,0,1,1,1,0,0,0,0,1,0,0,0,0
0,0,1,0,1,0,1,0,0,0,1,0,0,0,0,0,0,0,1,1
0,1,0,0,1,0,1,0,1,1,1,0,0,0,0,0,0,0,0,0
0,0,0,0,1,0,0,0,0,0,1,1,0,1,0,0,0,0,1,1
0,1,0,0,1,0,1,0,0,1,1,0,0,0,0,0,0,0,1,0
1,1,0,0,0,0,0,0,1,1,0,0,0,0,1,1,0,0,0,0
0,0,0,0,1,0,0,1,1,1,1,1,0,0,0,0,0,0,0,0
1,0,0,0,0,0,0,0,1,0,0,1,1,0,1,0,0,0,0,1
0,1,0,0,1,0,0,0,1,0,0,0,0,0,0,1,1,0,0,1
0,0,0,0,0,1,1,0,0,0,1,1,0,0,0,0,0,0,1,1
1,0,0,1,0,0,0,0,0,0,0,1,0,0,1,0,1,0,1,0
0,0,1,1,1,0,1,1,0,0,1,0,0,0,0,0,0,0,0,0
1,0,0,0,0,0,0,0,1,1,0,1,0,1,1,0,0,0,0,0
1,0,1,0,0,0,1,0,1,0,0,0,0,0,1,0,0,0,0,1
0,1,1,0,1,0,1,0,0,0,1,0,0,1,0,0,0,0,0,0
0,0,0,0,0,0,1,0,0,1,0,1,0,0,1,1,0,0,1,0
0,1,0,0,1,1,0,0,1,1,0,0,0,0,0,0,1,0,0,0
0,0,0,0,0,0,1,0,0,0,0,1,0,1,1,0,0,0,1,1
0,0,1,0,1,0,0,0,0,0,1,0,0,0,0,0,0,1,1,1
0,0,0,0,0,0,1,0,0,1,1,1,0,0,1,0,0,0,1,0
0,1,0,0,1,0,0,0,0,0,1,0,0,0,0,0,0,1,1,1
0,1,0,0,1,0,0,0,1,0,1,0,0,0,0,0,1,0,0,1
1,0,0,0,0,0,0,0,1,0,0,1,1,0,0,0,1,0,0,1
1,0,0,0,1,0,0,0,1,0,0,0,1,0,0,0,1,0,0,1
1,1,0,1,0,0,0,0,0,1,0,0,0,0,1,0,0,0,1,0
0,1,0,0,1,1,0,0,0,0,1,0,0,0,0,0,0,0,1,1
1,0,0,0,0,1,0,0,0,0,0,0,1,0,1,0,0,0,1,1
0,0,0,0,0,0,0,0,0,0,0,1,1,0,1,0,1,0,1,1
0,1,0,1,1,0,0,0,1,0,1,0,0,0,0,0,0,1,0,0
0,1,0,0,1,0,1,0,0,1,1,0,0,0,0,0,0,0,1,0
0,0,1,0,1,0,1,0,0,1,1,0,0,0,0,0,0,0,1,0
1,0,0,0,0,0,0,0,0,1,0,1,1,0,1,0,1,0,0,0
0,1,0,0,1,0,0,1,0,0,1,0,0,0,0,0,0,0,1,1
0,0,0,0,1,0,0,0,0,0,1,1,0,0,0,1,0,0,1,1
0,0,0,0,0,0,1,0,0,0,0,1,0,0,1,0,0,1,1,1
1,1,0,0,1,0,0,0,1,1,0,0,0,0,0,0,1,0,0,0
1,0,0,0,0,0,0,0,0,0,0,1,0,0,1,0,0,1,1,1
1,1,0,0,0,0,0,0,0,1,0,0,0,0,1,0,0,1,1,0
0,1,0,0,1,1,0,0,1,0,1,0,0,0,0,0,0,0,0,1
0,1,0,0,1,0,0,0,1,1,0,0,1,0,0,0,1,0,0,0
1,0,0,0,0,0,0,0,0,0,0,1,0,0,1,0,1,0,1,1
1,0,1,0,0,0,1,1,0,0,0,1,0,0,1,0,0,0,0,0
0,1,0,0,1,0,1,0,0,1,1,0,0,0,0,0,0,0,1,0
0,0,1,0,0,0,1,0,0,0,1,0,0,0,1,0,0,0,1,1
1,1,0,0,0,0,0,0,0,0,0,0,0,0,1,0,1,0,1,1
1,0,0,0,0,0,0,0,0,0,0,1,0,0,1,1,0,0,1,1
0,1,1,0,1,0,0,0,0,1,1,0,0,0,0,0,0,0,1,0
0,0,1,0,1,0,1,0,0,0,1,1,0,1,0,0,0,0,0,0
0,0,1,1,0,0,1,0,0,0,0,1,0,0,0,0,0,0,1,1
0,1,0,0,1,0,0,0,1,1,0,0,0,0,0,0,1,1,0,0
1,0,0,0,0,0,0,0,1,1,0,1,0,0,1,1,0,0,0,0
0,1,0,0,1,0,0,0,0,0,0,0,1,0,0,0,1,0,1,1
0,0,0,0,1,0,0,0,0,0,1,0,1,0,0,0,1,0,1,1
0,0,0,0,1,0,0,0,0,1,1,1,0,0,0,1,0,0,1,0
1,0,0,0,0,0,0,0,0,0,0,0,1,0,1,1,1,0,1,0
0,1,0,0,1,0,0,0,1,0,0,0,0,0,0,0,1,1,0,1
0,0,0,0,1,0,0,0,1,1,0,1,1,0,0,0,1,0,0,0
1,0,0,0,0,0,0,0,1,0,0,0,1,0,1,1,1,0,0,0
1,0,0,0,0,1,0,0,0,0,0,1,0,0,1,0,0,0,1,1
1,0,0,0,0,0,0,0,0,0,0,1,1,0,1,0,0,0,1,1
0,0,0,0,0,0,1,0,1,1,0,1,1,0,1,0,0,0,0,0
0,0,0,0,1,1,0,0,0,0,1,1,0,1,0,0,0,0,1,0
0,0,0,0,1,0,0,0,1,0,0,1,1,0,0,0,1,0,0,1
1,0,0,1,0,0,1,0,0,0,0,1,0,0,1,0,0,0,1,0
0,1,0,0,1,0,1,0,1,0,1,0,0,0,0,1,0,0,0,0
0,1,0,0,1,0,0,0,1,0,1,0,1,0,0,0,1,0,0,0
0,0,1,0,1,0,1,0,1,1,1,0,0,0,0,0,0,0,0,0
0,0,0,0,1,0,0,0,0,1,1,0,1,0,0,0,1,0,1,0
1,1,0,0,0,0,0,0,1,0,0,0,0,0,1,1,1,0,0,0
1,0,0,0,0,0,0,0,0,0,0,0,1,1,1,0,0,0,1,1
0,1,0,0,1,1,0,0,0,0,1,0,0,0,0,0,0,0,1,1
1,1,0,0,1,0,0,0,1,0,0,0,0,0,0,0,1,1,0,0
0,0,1,0,1,0,0,0,0,1,1,1,0,0,0,0,0,0,1,0
1,1,0,0,0,0,0,0,0,1,0,0,0,0,1,0,1,0,1,0
1,1,0,0,0,0,0,0,1,0,0,0,0,0,1,1,1,0,0,0
0,1,0,0,1,0,0,0,1,1,1,0,0,1,0,0,0,0,0,0
1,0,0,0,0,0,0,0,1,0,0,1,1,0,1,0,1,0,0,0
0,0,0,0,1,0,0,1,0,0,1,0,1,1,0,0,1,0,0,0
0,1,0,0,0,1,0,0,1,0,0,0,1,0,0,0,1,0,0,1
1,0,0,0,0,0,0,1,1,0,0,0,1,0,1,0,0,0,0,1
1,0,1,0,0,0,0,0,0,1,0,1,0,0,1,0,0,0,1,0
1,1,0,0,0,0,0,0,1,0,0,0,0,0,1,0,1,0,0,1
0,1,0,0,1,0,0,0,1,1,0,0,1,0,0,0,1,0,0,0
1,0,0,0,0,1,0,1,0,0,0,0,1,0,1,0,1,0,0,0
1,0,0,0,0,1,0,0,0,1,0,1,0,0,1,0,0,0,1,0
0,1,0,0,1,0,0,1,1,1,1,0,0,0,0,0,0,0,0,0
0,1,1,0,1,0,0,0,1,0,0,0,0,0,0,0,1,0,0,1
0,0,0,0,0,0,1,0,0,1,1,1,0,0,1,0,0,0,1,0
1,1,0,0,0,0,0,0,1,1,0,0,0,0,1,1,0,0,0,0
1,1,0,0,0,0,0,0,1,0,0,0,1,0,1,0,0,0,0,1
0,0,0,0,0,0,1,0,0,0,1,1,0,0,0,0,0,1,1,1
0,1,0,0,1,0,0,0,0,1,1,0,0,0,0,0,0,1,1,0
0,0,1,0,1,0,1,0,0,0,1,0,0,0,0,0,0,0,1,1
1,0,0,0,0,1,0,0,0,1,0,1,0,0,1,0,0,0,1,0
0,0,0,0,0,1,1,0,0,0,0,1,0,0,1,0,0,0,1,1
1,0,1,0,0,0,1,1,0,0,0,0,0,0,1,0,0,0,1,0
0,1,0,0,1,0,0,0,1,1,0,0,0,0,0,0,1,1,0,0
1,0,0,0,0,0,0,0,0,1,0,1,0,0,1,0,1,0,1,0
0,1,0,0,1,0,0,0,1,0,1,0,0,0,0,0,0,1,0,1
1,0,0,0,0,0,0,0,1,0,0,0,1,0,1,0,1,0,0,1
0,0,1,0,1,1,1,0,0,0,1,0,0,0,0,0,0,1,0,0
0,1,0,0,1,0,1,0,1,1,1,0,0,0,0,0,0,0,0,0
1,0,1,0,0,1,1,0,0,0,0,1,0,0,1,0,0,0,0,0
0,1,0,0,1,0,0,0,1,0,1,0,0,0,0,1,0,0,0,1
0,1,0,1,1,0,0,0,1,0,1,0,0,0,0,0,0,0,0,1
0,0,0,0,1,0,0,0,1,1,1,1,0,1,0,0,0,0,0,0
0,0,1,0,0,0,1,0,0,1,0,1,0,0,1,0,0,0,1,0
0,0,0,0,1,0,0,0,0,0,1,1,0,1,0,0,0,0,1,1
0,1,0,0,1,0,0,0,0,0,1,0,1,1,0,0,1,0,0,0
0,1,1,0,1,0,1,0,1,1,0,0,0,0,0,0,0,0,0,0
0,0,1,0,0,0,1,0,0,0,0,1,0,0,0,1,0,0,1,1
1,1,0,1,0,0,0,0,1,1,0,0,0,0,1,0,0,0,0,0
1,1,0,1,0,0,0,0,1,0,0,0,0,0,1,0,0,1,0,0
0,0,1,0,1,0,1,0,0,0,1,0,0,0,0,0,0,1,1,0
0,1,0,1,1,0,0,0,1,0,0,0,0,0,0,0,1,0,0,1
1,0,0,0,0,0,0,0,1,0,0,1,0,0,1,0,1,0,0,1
1,0,0,0,0,0,0,0,1,1,0,0,1,0,1,0,1,0,0,0
0,0,0,0,1,0,0,0,1,0,0,0,1,0,0,1,1,0,0,1
0,1,0,0,1,0,0,0,0,0,1,0,1,0,0,0,1,0,0,1
0,0,1,0,0,0,1,0,0,0,0,1,0,0,0,0,0,1,1,1
0,1,0,0,1,0,0,0,0,0,1,0,1,0,0,0,0,0,1,1
1,0,1,0,0,0,1,0,1,1,0,0,0,0,1,0,0,0,0,0
1,0,0,0,0,0,0,0,0,1,0,1,0,0,1,0,0,1,1,0
1,0,0,0,0,0,0,0,0,1,0,0,1,0,1,0,0,1,1,0
0,1,1,0,0,0,1,0,1,0,0,0,0,0,1,0,0,0,0,1
1,0,0,0,0,0,1,0,0,1,0,1,0,0,1,0,0,0,1,0
0,0,0,0,0,0,1,0,0,0,0,1,1,0,1,0,0,0,1,1
0,0,0,0,1,1,0,0,1,1,0,0,1,0,0,0,1,0,0,0
1,1,0,0,0,0,0,0,1,0,0,0,0,0,1,1,0,1,0,0
1,0,0,0,0,1,0,0,0,0,0,1,0,0,1,0,0,0,1,1
1,0,1,0,0,0,1,0,0,0,0,0,0,0,1,0,0,0,1,1
0,1,0,0,1,0,0,0,1,1,1,0,0,0,0,0,0,1,0,0
1,0,0,0,0,1,0,0,0,0,0,0,1,1,1,0,1,0,0,0
1,0,0,0,0,0,0,0,1,0,0,1,1,0,0,0,1,0,0,1
0,1,0,0,1,1,0,0,1,1,1,0,0,0,0,0,0,0,0,0
1,0,0,0,0,1,0,0,0,0,0,1,0,0,1,0,0,0,1,1
1,0,0,0,0,1,0,1,0,0,0,1,0,0,1,0,0,0,1,0
0,1,0,0,1,1,0,0,1,1,1,0,0,0,0,0,0,0,0,0
1,0,1,0,0,1,1,0,0,0,0,1,0,0,1,0,0,0,0,0
1,0,0,0,0,0,0,0,1,1,0,1,0,1,1,0,0,0,0,0
0,1,0,0,1,0,0,0,1,1,1,0,0,0,0,0,0,1,0,0
0,1,0,1,1,0,0,0,1,0,0,0,0,0,0,0,1,0,0,1
0,0,1,0,1,0,1,1,1,0,1,0,0,0,0,0,0,0,0,0
0,1,1,0,1,0,0,0,0,1,1,0,0,0,0,0,0,0,1,0
0,1,0,0,1,0,0,0,0,0,1,0,0,0,0,1,0,0,1,1
1,0,1,1,0,0,0,0,0,0,0,1,0,0,1,0,0,0,1,0
1,0,0,0,0,0,0,0,0,1,0,1,0,1,1,0,0,0,1,0
0,0,0,0,1,0,1,0,0,0,1,1,0,0,0,0,0,0,1,1
0,0,1,0,1,0,1,0,1,1,1,0,0,0,0,0,0,0,0,0
0,0,0,0,1,1,0,0,0,0,1,0,1,1,0,0,1,0,0,0
0,1,0,0,1,0,0,1,0,1,1,0,0,0,0,0,0,0,1,0
0,1,0,1,1,0,0,0,0,1,1,0,0,0,0,0,0,0,1,0
0,1,0,0,1,0,0,0,1,0,1,0,0,0,0,1,0,0,0,1
0,0,1,0,0,0,1,0,0,1,1,0,0,0,1,0,0,0,1,0
1,1,0,0,0,0,0,0,0,1,0,0,0,0,1,0,1,0,1,0
0,0,0,0,0,0,1,0,0,1,0,1,0,1,1,0,0,0,1,0
1,0,0,0,0,0,0,0,1,1,0,1,1,0,1,0,0,0,0,0
1,0,0,0,0,0,0,0,1,0,0,1,0,0,1,0,1,0,0,1
0,1,0,0,1,0,0,0,1,1,0,0,0,0,0,1,1,0,0,0
1,0,0,0,0,0,0,0,0,0,0,0,1,0,1,0,0,1,1,1
0,1,0,0,1,0,0,0,0,0,1,0,0,0,0,1,0,0,1,1
0,0,0,0,1,1,0,0,0,0,1,0,1,0,0,0,1,0,1,0
1,0,1,0,0,0,1,0,1,0,0,0,0,0,1,0,0,0,0,1
1,0,0,0,0,0,0,0,0,0,0,1,0,0,1,1,0,0,1,1
1,0,0,1,0,0,0,0,0,1,0,1,0,0,1,0,0,0,1,0
0,1,0,0,1,0,0,0,1,0,1,0,0,1,0,0,0,0,0,1
0,1,0,0,1,1,0,0,1,1,1,0,0,0,0,0,0,0,0,0
1,1,0,0,1,0,0,0,1,0,0,0,0,0,0,1,1,0,0,0
0,1,0,0,1,0,0,0,1,0,1,0,0,0,0,0,1,0,0,1
1,0,1,0,0,0,1,0,1,0,0,0,0,0,1,0,0,0,0,1
1,0,0,0,0,0,0,0,0,0,0,1,0,0,1,0,1,0,1,1
0,1,0,0,1,0,1,0,0,1,1,0,0,0,0,0,0,0,1,0
0,1,0,1,0,0,0,0,1,1,0,0,1,0,0,0,1,0,0,0
1,0,0,0,0,0,0,0,1,0,0,1,0,0,1,0,0,1,0,1
0,1,0,0,1,0,0,0,1,0,1,0,1,0,0,1,0,0,0,0
0,1,1,0,1,0,1,0,0,0,1,0,0,0,0,0,0,0,1,0
0,0,0,0,1,0,0,0,1,1,0,0,1,0,0,1,1,0,0,0
0,0,1,0,1,0,1,0,0,1,1,0,0,0,0,0,0,0,1,0
1,1,0,0,0,0,0,1,1,1,0,0,0,0,1,0,0,0,0,0
0,0,0,0,1,0,0,0,0,1,1,0,1,0,0,0,1,0,1,0
0,1,0,0,1,0,0,1,0,0,1,0,0,0,0,0,0,0,1,1
0,0,0,0,1,1,0,0,0,0,1,0,1,0,0,0,1,0,1,0
1,0,0,0,0,1,0,0,1,0,0,0,1,0,1,0,1,0,0,0
0,1,0,0,1,1,0,0,0,1,1,0,0,0,0,0,0,0,1,0
1,0,0,0,0,0,0,0,1,1,0,0,1,0,1,0,1,0,0,0
1,1,0,0,0,1,0,0,1,0,0,0,0,0,0,0,1,0,0,1
0,0,0,0,0,0,1,0,0,1,0,1,0,1,1,0,0,0,1,0
1,1,0,0,1,0,0,0,1,0,0,0,0,0,0,0,1,0,0,1
0,0,0,0,1,1,0,0,1,0,0,0,1,0,0,0,1,0,0,1
0,0,0,0,1,1,0,0,0,0,1,1,0,0,0,0,0,0,1,1
0,1,0,0,1,0,0,0,1,1,1,0,0,0,0,0,1,0,0,0
1,0,0,0,0,1,0,1,0,0,0,1,0,0,1,0,0,0,1,0
1,0,0,0,0,0,1,0,0,0,0,1,0,0,1,0,0,0,1,1
1,0,0,1,0,0,0,1,0,0,0,0,1,0,1,0,1,0,0,0
1,0,1,0,0,0,1,1,0,0,0,0,0,0,1,0,0,0,1,0
0,1,1,0,1,0,0,0,0,0,1,0,0,0,0,0,0,0,1,1
1,1,0,0,0,1,0,0,0,0,0,0,0,0,1,0,0,0,1,1
0,0,0,0,1,0,1,1,0,0,1,1,0,0,0,0,0,0,1,0
0,0,1,0,1,0,1,0,0,0,1,0,0,0,0,0,0,1,1,0
0,0,1,1,0,0,0,0,0,1,0,1,0,0,1,0,0,0,1,0
0,1,0,0,1,0,0,0,0,1,1,0,0,0,0,1,0,0,1,0
1,0,0,1,0,0,0,0,1,0,0,1,0,0,1,0,0,0,0,1
0,1,1,0,1,1,0,0,1,0,1,0,0,0,0,0,0,0,0,0
1,0,1,0,0,0,0,0,0,0,0,1,0,0,1,0,0,0,1,1
1,0,1,0,0,1,0,0,0,0,0,1,0,0,1,0,0,0,1,0
0,1,0,0,1,1,0,0,0,1,1,0,0,0,0,0,0,0,1,0
0,0,0,0,1,0,0,1,1,0,0,0,1,0,0,0,1,0,0,1
0,0,1,0,1,0,1,1,0,0,1,0,0,1,0,0,0,0,0,0
0,1,0,0,1,0,0,0,1,0,1,0,0,0,0,0,1,1,0,0
0,1,0,0,1,0,0,0,1,0,1,0,0,0,0,1,0,1,0,0
0,1,0,0,1,0,0,0,1,0,1,0,0,1,0,0,0,0,0,1
0,1,0,0,1,0,0,1,1,0,1,0,0,0,0,0,0,0,0,1
0,1,0,0,1,0,0,0,0,1,1,0,0,0,0,1,0,0,1,0
1,0,1,0,0,0,1,0,0,0,0,1,0,0,1,0,0,0,1,0
1,1,0,1,0,0,0,0,1,0,0,0,0,0,1,0,0,0,0,1
1,0,0,0,0,0,0,0,1,0,0,1,1,0,1,0,0,0,0,1
0,0,0,0,0,0,1,0,0,1,0,1,0,0,1,1,0,0,1,0
1,0,1,1,0,0,0,0,0,0,0,0,0,0,1,0,0,0,1,1
0,0,1,0,0,0,1,0,0,0,1,0,0,0,1,0,0,0,1,1
1,0,1,1,0,1,1,0,0,0,0,0,0,0,1,0,0,0,0,0
1,1,0,0,0,0,0,0,1,0,0,0,0,0,1,0,1,0,0,1
0,1,0,0,1,0,0,1,1,1,1,0,0,0,0,0,0,0,0,0
1,0,0,0,0,0,0,0,0,1,0,1,0,0,1,0,1,0,1,0
1,0,0,0,0,0,0,0,1,1,0,1,0,0,1,0,0,1,0,0
0,0,0,0,0,0,1,0,0,0,0,1,0,1,1,0,0,0,1,1
1,0,0,0,0,0,1,0,0,0,0,1,0,0,1,0,0,0,1,1
0,0,1,0,0,0,1,0,0,0,0,1,0,0,0,0,0,1,1,1
1,1,0,0,0,0,0,0,1,0,0,0,1,0,1,0,0,0,0,1
0,0,0,1,0,0,1,0,1,0,0,1,0,0,1,0,0,0,0,1
1,0,1,1,0,0,1,0,0,0,0,0,0,0,1,0,0,1,0,0
1,1,0,0,1,0,0,0,0,1,0,0,0,0,0,0,1,0,1,0
1,0,0,0,0,0,0,0,0,0,0,0,1,0,1,1,1,1,0,0
0,1,0,0,1,0,0,0,1,0,1,0,0,1,0,0,0,1,0,0
0,1,0,0,1,0,0,1,1,0,0,0,0,0,0,0,1,0,0,1
1,0,0,0,0,1,1,0,0,0,0,1,0,0,1,0,0,0,1,0
1,0,0,0,0,0,0,0,1,1,0,0,1,0,1,0,1,0,0,0
0,1,0,0,1,0,0,0,1,0,1,0,1,0,0,0,0,0,0,1
0,1,0,1,1,0,0,0,1,0,0,0,0,0,0,0,1,0,0,1
0,1,0,1,1,0,0,0,1,0,1,0,0,0,0,0,0,0,0,1
1,0,1,0,0,1,1,0,0,0,0,0,0,0,1,0,0,0,1,0
1,1,0,0,0,0,0,0,1,1,0,0,0,0,1,0,0,1,0,0
0,0,1,0,1,0,0,0,1,1,1,1,0,0,0,0,0,0,0,0
0,0,0,0,1,0,0,1,1,1,0,0,1,0,0,0,1,0,0,0
0,1,0,0,1,0,0,0,1,0,0,0,1,0,0,0,1,0,0,1
0,1,1,0,1,0,0,0,1,1,1,0,0,0,0,0,0,0,0,0
0,1,0,0,1,0,0,0,1,0,1,0,0,0,0,0,0,1,0,1
1,0,0,1,0,0,0,0,0,0,0,1,1,0,1,0,1,0,0,0
0,1,0,0,0,0,0,0,1,0,0,0,1,1,0,0,1,0,0,1
1,0,0,0,0,0,0,0,1,0,0,0,1,0,1,0,0,1,0,1
1,0,0,0,0,1,0,0,1,0,0,1,0,0,1,0,0,0,0,1
0,1,0,0,1,0,1,0,0,0,1,0,0,0,0,0,0,0,1,1
1,1,0,0,0,0,0,0,1,0,0,0,1,0,1,1,0,0,0,0
1,1,0,0,1,0,0,0,1,0,0,0,0,0,0,0,1,0,0,1
0,0,0,0,1,0,0,1,1,0,1,0,1,0,0,0,0,0,0,1
0,0,0,0,1,0,1,0,0,1,1,1,0,0,0,0,0,0,1,0
1,0,0,0,0,1,0,0,1,0,0,1,0,0,1,0,0,0,0,1
0,1,0,0,1,1,0,0,0,1,1,0,0,0,0,0,0,0,1,0
0,1,0,0,1,0,0,0,1,0,1,0,0,0,0,0,1,0,0,1
0,0,0,0,1,1,1,0,0,0,1,1,0,0,0,0,0,0,1,0
0,0,1,0,1,0,1,1,0,0,1,0,0,0,0,0,0,0,1,0
0,0,0,0,0,1,1,0,0,0,0,1,0,0,1,0,0,0,1,1
0,0,1,0,1,0,0,0,1,1,1,0,0,0,0,0,1,0,0,0
1,1,0,0,0,1,0,0,1,1,0,0,0,0,1,0,0,0,0,0
1,0,0,0,0,0,0,0,0,0,0,1,1,0,1,0,0,1,1,0
0,1,1,0,1,0,1,0,0,0,1,0,0,1,0,0,0,0,0,0
0,0,0,0,0,0,1,0,0,0,1,1,0,0,1,0,0,0,1,1
1,0,1,0,0,0,0,0,1,0,0,1,0,0,1,0,0,0,0,1
1,1,0,0,0,0,0,0,1,1,0,0,0,0,1,0,1,0,0,0
0,1,0,1,0,0,1,0,1,1,0,0,0,0,1,0,0,0,0,0
0,0,1,0,0,0,1,0,0,1,1,1,0,0,0,0,0,0,1,0
1,0,0,0,0,0,0,0,1,0,0,0,1,0,1,0,1,0,0,1
0,1,0,0,1,0,0,0,1,1,1,0,0,0,0,0,0,1,0,0
0,1,0,0,1,0,0,1,0,1,1,0,0,0,0,0,0,0,1,0
1,0,1,0,0,0,1,0,0,0,0,1,0,0,1,0,0,0,1,0
0,0,0,0,1,0,0,0,1,1,0,0,1,0,0,0,1,1,0,0
1,0,1,0,0,0,0,1,0,0,0,1,0,0,1,0,0,0,1,0
1,0,1,0,0,0,1,0,0,1,0,1,0,0,1,0,0,0,0,0
1,0,0,0,0,0,1,0,0,1,0,1,0,0,1,0,0,0,1,0
0,0,0,0,0,0,1,0,0,1,0,1,0,0,1,1,0,0,1,0
0,0,0,0,1,0,1,0,1,1,1,1,0,0,0,0,0,0,0,0
1,0,0,0,0,0,0,0,1,1,0,0,1,0,1,0,1,0,0,0
0,0,1,0,0,1,1,0,0,1,0,1,0,0,0,0,0,0,1,0
0,1,0,0,1,0,0,0,1,1,1,0,0,0,0,0,1,0,0,0
1,0,1,0,0,0,1,0,1,1,0,0,0,0,1,0,0,0,0,0
0,0,0,0,0,0,1,0,0,1,0,1,1,0,1,0,0,0,1,0
0,0,0,0,1,0,1,0,0,0,1,1,0,0,0,0,0,0,1,1
1,0,0,0,0,0,0,0,1,0,0,0,1,0,1,1,0,0,0,1
0,1,0,0,1,0,1,0,1,0,1,0,0,0,0,0,0,0,0,1
0,0,1,0,1,0,0,0,1,0,1,0,0,0,0,0,1,0,0,1
0,1,0,1,1,0,0,0,1,0,1,0,0,0,0,0,0,0,0,1
1,0,1,0,0,0,1,0,0,0,0,1,0,1,1,0,0,0,0,0
0,1,0,0,1,0,0,0,1,0,1,0,0,0,0,0,1,0,0,1
1,1,0,0,0,0,0,1,0,0,0,0,0,0,1,0,0,0,1,1
1,1,0,0,0,0,0,0,0,0,0,0,1,0,1,0,0,0,1,1
0,0,0,0,0,0,1,1,0,1,0,1,0,0,1,0,0,0,1,0
1,0,0,0,0,0,0,0,0,0,0,1,1,0,1,0,1,1,0,0
0,1,0,0,1,0,0,0,1,1,1,0,0,0,0,0,1,0,0,0
0,1,0,0,1,0,0,0,1,1,1,0,0,0,0,1,0,0,0,0
0,1,0,0,1,0,0,1,1,0,1,0,0,0,0,0,0,0,0,1
1,0,0,0,0,0,1,0,0,0,0,1,0,0,1,0,0,0,1,1
1,0,0,0,0,0,0,0,0,1,0,1,0,0,1,1,0,0,1,0
1,0,0,0,0,0,0,0,1,1,0,1,1,0,1,0,0,0,0,0
0,1,0,0,1,0,0,0,1,1,0,0,0,0,0,0,1,1,0,0
1,0,0,0,0,0,0,0,0,1,0,1,0,1,1,0,0,0,1,0
1,0,0,0,0,0,0,1,0,0,0,1,1,0,1,0,1,0,0,0
1,0,0,0,0,0,0,1,0,0,0,1,0,0,1,0,0,0,1,1
0,0,1,0,0,0,1,0,0,1,0,1,0,1,0,0,0,0,1,0
0,0,0,0,1,1,0,1,0,0,1,1,0,0,0,0,0,0,1,0
0,1,0,0,1,0,0,0,1,1,0,0,1,0,0,0,1,0,0,0
0,0,1,1,1,0,1,0,0,0,1,0,0,0,0,0,0,1,0,0
0,0,0,0,0,0,1,0,0,0,0,1,0,0,1,0,0,1,1,1
0,1,0,0,1,1,0,0,1,0,1,0,0,0,0,0,0,0,0,1
0,1,1,0,1,0,1,1,0,0,1,0,0,0,0,0,0,0,0,0
1,0,0,0,0,0,0,0,1,1,0,1,1,0,1,0,0,0,0,0
1,0,0,0,0,0,0,1,0,0,0,1,0,0,1,0,1,0,1,0
0,0,0,0,0,0,1,0,0,1,0,1,0,1,1,0,0,0,1,0
1,1,0,0,0,0,0,0,1,0,0,0,0,0,0,0,1,1,0,1
0,1,0,0,1,1,0,0,1,0,0,0,0,0,0,0,1,0,0,1
0,1,0,1,1,0,0,0,1,0,1,0,0,0,0,0,0,0,0,1
1,0,0,0,0,0,0,1,0,1,0,1,0,0,1,0,0,0,1,0
0,0,0,0,1,0,0,0,1,0,1,0,1,1,0,0,1,0,0,0
0,1,0,0,1,0,0,0,0,0,1,0,1,0,0,0,1,1,0,0
1,1,0,0,0,0,0,0,1,0,0,0,0,0,1,1,0,0,0,1
0,1,0,0,1,0,0,0,1,1,0,0,1,0,0,0,1,0,0,0
1,0,0,0,0,1,0,0,0,0,0,1,0,0,1,0,0,0,1,1
1,0,0,0,0,0,1,0,1,0,0,1,0,0,1,0,0,0,0,1
0,0,0,0,0,1,1,0,0,1,0,1,0,0,1,0,0,0,1,0
1,0,0,1,0,0,0,0,1,1,0,1,0,0,1,0,0,0,0,0
0,1,0,0,1,0,0,0,1,1,1,0,0,0,0,0,1,0,0,0
1,1,0,0,0,0,0,1,1,1,0,0,0,0,0,0,1,0,0,0
0,1,0,0,1,0,0,0,0,0,1,0,0,1,0,0,0,0,1,1
1,0,1,0,0,0,1,0,1,1,0,0,0,0,1,0,0,0,0,0
0,0,1,0,1,0,0,1,0,0,1,1,0,0,0,0,0,0,1,0
1,0,0,0,0,0,0,0,1,1,0,0,1,0,1,0,1,0,0,0
0,1,0,0,1,0,0,0,0,0,1,0,1,1,0,0,1,0,0,0
0,0,0,0,0,0,1,0,0,0,0,1,0,0,1,1,0,0,1,1
0,1,0,0,1,0,0,0,1,0,1,0,0,0,0,0,1,1,0,0
0,0,0,0,1,1,0,1,0,0,1,1,0,0,0,0,0,0,1,0
1,0,0,0,0,0,0,0,1,0,0,1,0,0,1,0,1,0,0,1
0,1,0,0,1,0,0,0,0,0,1,0,1,1,0,0,1,0,0,0
0,0,1,0,0,0,1,0,0,1,0,1,0,0,0,0,0,1,1,0
0,1,0,0,1,1,0,0,1,0,1,0,0,0,0,0,0,1,0,0
0,1,0,0,1,0,0,0,1,0,0,0,0,1,0,0,1,1,0,0
1,0,0,0,0,0,0,1,0,0,0,0,1,0,1,1,1,0,0,0
0,1,0,0,1,0,1,0,1,1,1,0,0,0,0,0,0,0,0,0
1,0,0,1,0,0,0,0,1,0,0,1,0,0,1,0,0,0,0,1
0,1,0,0,1,1,0,0,0,0,1,0,0,0,0,0,0,0,1,1
1,1,0,1,0,0,0,0,0,1,0,0,0,0,1,0,0,0,1,0
0,0,0,0,1,0,1,0,1,0,1,1,0,0,0,0,0,0,0,1
0,0,0,0,0,0,1,0,0,0,0,1,1,0,1,0,0,0,1,1
1,0,1,0,0,0,1,0,0,0,0,1,0,0,1,0,0,1,0,0
0,0,0,0,0,0,1,0,0,0,1,1,0,0,0,1,0,0,1,1
1,1,0,0,0,0,0,0,1,1,0,0,1,0,0,0,1,0,0,0
1,0,1,0,0,0,0,0,0,1,0,1,0,0,1,0,0,0,1,0
1,0,0,0,0,0,1,0,0,0,0,1,0,0,1,0,0,0,1,1
0,0,0,0,0,0,1,0,0,1,1,1,0,1,0,0,0,0,1,0
1,0,1,0,0,0,0,1,0,0,0,1,0,0,1,0,0,0,1,0
0,0,0,1,0,0,1,0,0,0,0,1,0,0,1,0,0,0,1,1
0,1,0,1,1,0,0,0,1,1,0,0,0,0,0,0,1,0,0,0
1,0,0,0,0,0,1,0,0,0,0,1,0,0,1,0,0,0,1,1
1,0,0,0,0,1,0,1,0,0,0,1,0,0,1,0,0,0,1,0
0,1,0,0,1,0,0,0,1,1,1,0,0,0,0,0,1,0,0,0
0,0,1,0,1,0,0,0,0,1,1,1,0,0,0,0,0,0,1,0
1,0,0,0,0,0,0,0,0,0,0,0,1,0,1,0,1,0,1,1
1,1,0,0,0,0,0,0,1,0,0,0,0,0,1,0,1,1,0,0
1,1,0,0,1,0,0,0,1,1,0,0,0,0,0,0,1,0,0,0
1,1,0,0,1,0,0,0,1,0,0,0,0,0,0,1,1,0,0,0
0,0,0,0,0,0,1,0,0,1,0,1,0,0,1,1,0,0,1,0
0,1,0,0,1,0,0,0,1,0,0,0,0,0,0,1,1,0,0,1
0,1,0,0,1,0,0,1,0,0,1,0,1,0,0,0,1,0,0,0
1,0,0,0,0,1,0,0,0,0,0,1,0,0,1,0,0,1,1,0
1,1,0,0,0,0,0,0,1,1,0,0,0,0,1,0,0,1,0,0
1,0,0,0,0,0,0,0,1,1,0,1,0,0,1,0,0,1,0,0
1,0,0,0,0,0,1,0,0,0,0,1,0,0,1,0,0,0,1,1
0,1,0,1,1,0,0,0,1,1,1,0,0,0,0,0,0,0,0,0
0,1,0,1,1,0,0,0,1,1,1,0,0,0,0,0,0,0,0,0
0,1,0,0,1,0,0,0,1,0,1,0,0,0,0,0,1,0,0,1
0,1,0,0,1,0,0,0,1,0,1,0,0,0,0,1,0,1,0,0
0,1,0,0,1,0,0,0,1,1,1,0,0,1,0,0,0,0,0,0
0,1,0,0,1,0,0,0,1,1,1,0,0,0,0,0,1,0,0,0
1,1,0,0,0,0,0,0,1,0,0,0,0,0,1,1,0,1,0,0
1,0,0,1,0,0,0,0,0,0,0,1,0,0,1,0,0,0,1,1
0,0,1,0,0,0,1,0,0,0,0,0,0,0,1,0,0,1,1,1
1,0,0,0,0,0,1,1,0,0,0,1,0,0,1,0,0,0,1,0
0,1,0,0,1,0,0,1,1,0,1,0,0,0,0,0,0,0,0,1
0,1,0,0,1,0,0,0,1,1,0,0,0,0,0,1,1,0,0,0
1,1,0,0,0,0,0,0,0,1,0,0,0,0,1,1,0,0,1,0
0,1,0,0,1,0,0,0,1,0,1,0,1,0,0,0,0,1,0,0
1,1,0,0,0,0,0,0,0,0,0,0,1,0,1,0,1,1,0,0
1,0,0,0,0,0,1,0,0,0,0,1,0,0,1,0,0,0,1,1
0,1,0,0,1,0,0,0,1,0,0,0,0,1,0,0,1,0,0,1
1,0,0,0,0,0,0,0,0,1,0,1,0,0,1,1,0,0,1,0
1,0,0,0,0,0,1,0,0,1,0,1,0,0,1,0,0,0,1,0
1,0,0,0,0,0,1,0,0,0,0,1,0,0,1,0,0,0,1,1
1,0,1,0,0,1,0,0,0,0,0,0,0,0,1,0,0,0,1,1
1,0,0,0,0,0,0,0,1,1,0,1,0,0,1,0,1,0,0,0
1,0,0,0,0,0,0,1,0,0,0,0,1,0,1,0,0,0,1,1
0,0,0,0,0,0,1,0,0,1,1,1,0,0,0,0,0,1,1,0
0,1,0,0,1,0,0,0,1,0,1,0,0,0,0,1,1,0,0,0
1,0,0,0,0,0,0,1,1,0,0,1,0,0,1,0,0,0,0,1
0,1,0,1,1,0,0,0,1,1,0,0,0,0,0,0,1,0,0,0
0,0,1,0,1,0,0,1,0,1,1,0,0,0,0,0,0,0,1,0
1,1,0,0,0,0,0,0,1,0,0,0,0,0,0,1,1,0,0,1
0,1,0,0,0,0,0,1,1,1,0,0,1,0,0,0,1,0,0,0
1,0,1,0,0,0,1,0,0,0,0,1,0,0,1,0,0,1,0,0
1,1,0,1,0,0,0,0,0,0,0,0,1,0,1,0,1,0,0,0
0,1,0,0,1,1,0,0,1,0,0,0,0,0,0,0,1,0,0,1
0,0,0,0,1,1,0,0,0,1,1,1,0,0,0,0,0,0,1,0
1,0,1,1,0,0,1,0,0,0,0,1,0,0,1,0,0,0,0,0
1,0,1,0,0,0,0,0,0,1,0,1,0,0,1,0,0,0,1,0
0,1,0,0,1,0,0,1,1,0,0,0,0,0,0,0,1,0,0,1
1,0,1,0,0,0,1,0,1,1,0,0,0,0,1,0,0,0,0,0
0,0,0,0,1,0,0,0,0,0,1,0,1,0,0,0,1,0,1,1
0,0,0,0,0,1,1,0,0,1,0,1,0,0,1,0,0,0,1,0
0,0,0,0,1,0,0,1,0,0,1,1,0,0,0,0,0,0,1,1
1,0,0,0,0,0,0,0,1,0,0,1,1,0,1,0,1,0,0,0
1,0,0,0,0,0,0,0,0,0,0,1,0,1,1,0,1,0,1,0
0,0,1,0,1,0,0,0,0,0,1,1,0,0,0,0,0,0,1,1
1,0,0,0,0,0,0,1,0,0,0,1,0,0,1,0,0,0,1,1
0,1,0,0,1,0,0,1,1,0,0,0,0,0,0,0,1,0,0,1
1,0,0,1,0,0,0,1,0,0,0,1,0,0,1,0,0,0,1,0
1,0,0,0,0,0,0,0,1,0,0,1,0,0,1,1,0,0,0,1
0,1,0,0,1,0,0,0,1,0,1,0,0,0,0,0,1,0,0,1
1,0,0,0,0,0,0,0,0,0,0,0,1,0,1,1,1,1,0,0
1,0,0,0,0,0,0,1,0,1,0,1,0,0,1,0,0,0,1,0
0,0,0,0,1,0,0,0,0,1,1,1,0,0,0,0,0,1,1,0
0,1,0,0,1,0,0,0,1,0,0,0,0,0,0,1,1,0,0,1
0,1,0,0,1,0,0,0,1,1,1,0,1,0,0,0,0,0,0,0
1,0,1,0,0,0,1,0,0,0,0,1,0,0,1,0,0,0,1,0
1,1,0,0,0,0,0,0,1,0,0,0,1,0,1,0,0,1,0,0
1,0,0,0,0,0,0,1,0,1,0,1,0,0,1,0,0,0,1,0
1,1,0,0,0,0,0,0,1,0,0,0,0,0,1,0,1,1,0,0
0,1,0,0,1,0,0,0,1,0,1,0,0,1,0,0,0,0,0,1
1,1,0,1,0,0,0,0,1,1,0,0,0,0,1,0,0,0,0,0
0,0,0,0,1,0,0,0,0,0,1,0,1,1,0,0,1,1,0,0
1,0,0,0,0,0,0,0,1,0,0,1,0,0,1,1,0,0,0,1
1,0,0,1,0,0,0,0,0,1,0,1,0,0,1,0,0,0,1,0
1,0,0,0,0,0,1,0,1,1,0,1,0,0,1,0,0,0,0,0
0,0,0,1,0,0,1,1,0,0,0,1,0,0,1,0,0,0,1,0
1,0,1,0,0,0,1,0,1,0,0,0,0,0,1,0,0,0,0,1
1,0,0,0,0,0,0,0,1,0,0,1,0,0,1,0,0,1,0,1
1,0,0,0,0,0,0,0,0,0,0,0,1,0,1,0,1,1,1,0
0,1,0,0,1,0,0,0,1,0,0,0,0,1,0,0,1,0,0,1
1,0,1,0,0,0,1,0,1,1,0,0,0,0,1,0,0,0,0,0
0,1,0,0,1,0,0,0,1,0,1,0,0,0,0,0,0,1,0,1
1,0,0,1,0,0,0,0,0,0,0,0,1,0,1,0,1,1,0,0
0,1,0,0,1,0,0,0,0,1,1,0,0,1,0,0,0,0,1,0
1,0,0,1,0,0,0,0,0,1,0,1,0,0,1,0,0,0,1,0
1,1,0,0,0,0,0,0,0,0,0,0,0,0,1,0,1,0,1,1
1,1,0,1,0,0,0,0,1,0,0,0,0,0,1,0,0,0,0,1
1,0,0,0,0,0,1,1,0,0,0,1,0,0,1,0,0,0,1,0
1,1,0,0,0,0,0,1,1,1,0,0,0,0,1,0,0,0,0,0
0,1,0,0,1,1,0,0,1,0,1,0,0,0,0,0,0,0,0,1
1,0,0,0,0,0,0,0,0,0,0,1,0,0,1,0,1,0,1,1
1,1,0,0,0,0,0,0,1,0,0,0,0,0,1,0,1,0,0,1
1,1,0,0,0,0,0,0,0,1,0,0,0,0,1,0,1,0,1,0
1,0,0,0,0,0,0,0,0,0,0,1,0,0,1,1,0,0,1,1
1,1,0,1,0,0,0,0,1,0,0,0,0,0,1,0,0,0,0,1
0,1,0,1,1,0,0,0,1,1,1,0,0,0,0,0,0,0,0,0
0,1,0,0,1,0,0,0,1,1,1,0,0,0,0,0,1,0,0,0
0,0,0,0,1,0,0,0,0,0,1,1,0,0,0,0,0,1,1,1
0,0,1,0,1,0,0,0,0,1,1,0,0,0,0,0,0,1,1,0
1,0,0,0,0,0,0,0,0,0,0,1,1,0,1,0,0,0,1,1
0,1,0,0,1,0,1,0,0,0,1,0,0,0,0,0,0,0,1,1
0,1,0,0,1,0,0,1,1,0,1,0,0,0,0,0,0,0,0,1
0,0,0,0,1,0,0,0,1,0,1,1,0,0,0,0,0,1,0,1
0,1,0,1,1,0,0,0,0,0,1,0,0,0,0,0,0,0,1,1
1,0,1,0,0,0,1,0,1,0,0,0,0,0,1,0,0,0,0,1
0,0,0,0,0,0,1,0,0,0,0,1,0,0,1,1,0,0,1,1
0,1,0,1,1,0,0,0,1,0,1,0,0,0,0,1,0,0,0,0
0,1,0,0,1,0,0,1,0,0,1,0,0,0,0,0,0,0,1,1
0,0,0,0,1,0,0,0,0,0,1,1,0,1,0,0,0,0,1,1
0,1,0,0,1,0,0,0,1,0,1,0,0,1,0,1,0,0,0,0
1,1,0,0,0,0,0,0,1,1,0,0,0,0,1,0,0,1,0,0
0,0,0,0,1,0,0,1,1,0,1,1,0,0,0,0,0,0,0,1
0,0,0,0,1,0,0,0,0,0,1,1,0,0,0,0,0,1,1,1
0,1,0,0,1,0,0,0,0,0,1,0,0,0,0,1,0,0,1,1
1,1,0,0,0,1,0,0,0,1,0,0,0,0,1,0,0,0,1,0
0,0,0,0,0,0,1,0,0,1,0,1,0,0,1,0,0,1,1,0
1,0,0,0,0,0,0,0,0,1,0,1,0,0,1,1,0,0,1,0
0,1,0,1,1,0,0,0,1,0,1,0,0,0,0,0,0,1,0,0
0,1,0,0,1,1,0,0,1,1,1,0,0,0,0,0,0,0,0,0
1,0,0,0,0,1,0,0,1,0,0,1,0,0,1,0,0,0,0,1
1,1,0,0,0,0,0,0,1,0,0,0,1,0,1,0,0,0,0,1
0,1,0,1,0,0,1,0,1,0,0,0,0,0,1,0,0,0,0,1
1,1,0,0,0,0,0,0,1,0,0,0,0,0,1,0,1,0,0,1
1,0,0,0,0,0,0,0,0,0,0,0,1,1,1,0,1,1,0,0
1,0,0,1,0,0,0,1,0,0,0,1,0,0,1,0,0,0,1,0
1,0,0,0,0,0,0,1,0,0,0,1,0,1,1,0,0,0,1,0
0,0,0,0,0,1,1,0,0,0,0,1,0,0,1,0,0,0,1,1
0,1,0,0,1,0,0,0,0,1,1,0,1,0,0,0,0,0,1,0
1,0,1,0,0,0,0,0,0,0,0,1,0,0,1,0,0,0,1,1
1,0,0,0,0,0,0,1,0,0,0,1,0,0,1,1,0,0,1,0
1,1,0,0,0,0,0,0,1,0,0,0,0,0,1,1,0,0,0,1
0,1,0,1,1,0,0,0,0,0,1,0,0,0,0,0,0,0,1,1
1,1,0,0,1,0,0,0,1,1,0,0,0,0,0,0,1,0,0,0
0,0,0,0,1,1,0,0,1,0,1,1,0,0,0,0,0,0,0,1
1,1,0,0,0,0,0,0,1,0,0,0,0,0,1,0,1,0,0,1
1,0,0,0,0,0,0,0,0,1,0,1,0,1,1,0,0,0,1,0
0,1,0,0,1,1,0,0,0,1,1,0,0,0,0,0,0,0,1,0
0,1,0,0,1,0,0,0,1,1,0,0,0,0,0,1,1,0,0,0
1,1,0,0,0,0,0,1,1,0,0,0,0,0,1,0,0,0,0,1
0,0,0,0,1,0,1,0,0,0,1,1,0,0,0,0,0,0,1,1
1,0,0,1,0,0,0,0,0,0,0,1,0,0,1,0,0,0,1,1
0,1,0,0,1,0,0,1,1,1,0,0,0,0,0,0,1,0,0,0
1,0,0,0,0,0,0,1,1,0,0,1,0,0,1,0,0,0,0,1
0,1,0,0,1,0,0,0,0,1,1,0,0,0,0,0,0,1,1,0
1,1,0,0,0,1,0,0,1,1,0,0,0,0,1,0,0,0,0,0
0,0,1,0,1,0,0,0,0,0,1,0,0,0,0,1,0,0,1,1
1,1,0,0,0,1,0,0,1,0,0,0,0,0,1,0,0,0,0,1
0,0,1,0,1,0,0,1,0,0,1,0,0,0,0,0,0,0,1,1
0,1,0,0,1,0,0,0,0,0,1,0,0,0,0,0,1,0,1,1
0,0,1,0,1,0,0,0,0,0,1,0,0,1,0,0,0,0,1,1
1,0,0,0,0,0,0,0,1,1,0,0,1,0,1,0,0,1,0,0
0,1,0,0,1,0,0,1,0,1,1,0,0,0,0,0,0,0,1,0
0,0,1,0,1,0,0,0,0,1,1,0,0,0,0,1,0,0,1,0
1,0,0,0,0,0,0,0,0,1,0,1,0,0,1,0,0,1,1,0
1,0,0,0,0,0,0,0,1,0,0,1,0,0,1,1,0,0,0,1
0,1,0,0,1,0,0,0,0,0,1,0,0,0,0,0,0,1,1,1
1,0,0,0,0,0,0,1,0,1,0,0,1,0,1,0,0,0,1,0
1,1,0,0,0,1,0,0,1,0,0,0,0,0,1,0,0,0,0,1
0,0,0,0,0,0,1,0,0,0,0,1,0,0,1,0,0,1,1,1
0,0,1,0,1,0,0,0,0,1,1,0,0,1,0,0,0,0,1,0
0,0,0,0,0,0,1,0,0,0,0,1,0,1,1,0,0,0,1,1
0,0,0,0,0,0,1,0,0,0,0,1,0,0,1,0,0,1,1,1
1,1,0,0,0,0,0,1,1,0,0,0,0,0,1,1,0,0,0,0
0,0,0,0,0,0,1,1,0,1,0,1,0,0,1,0,0,0,1,0
0,0,0,0,0,0,1,0,0,1,0,1,0,0,1,0,0,1,1,0
0,0,1,0,1,0,0,0,0,1,1,1,0,0,0,0,0,0,1,0
0,0,0,0,0,0,1,1,0,1,0,1,0,0,1,0,0,0,1,0
1,0,0,0,0,0,0,0,1,1,0,1,0,0,1,1,0,0,0,0
0,1,0,0,1,0,0,1,1,1,0,0,0,0,0,0,1,0,0,0
0,1,0,0,1,0,0,0,0,1,1,0,0,1,0,0,0,0,1,0
1,1,0,0,0,0,0,0,1,1,0,0,0,0,1,0,1,0,0,0
1,0,0,0,0,0,0,0,0,0,0,1,0,0,1,0,0,1,1,1
0,0,0,0,0,0,1,0,0,0,0,1,0,0,1,1,0,0,1,1
1,1,0,0,0,0,0,1,1,0,0,0,0,0,1,0,0,0,0,1
1,1,0,0,0,0,0,0,1,0,0,0,0,0,1,0,1,1,0,0
1,0,0,0,0,0,1,0,0,1,0,1,0,0,1,0,0,0,1,0
0,1,0,0,1,0,0,0,0,0,1,0,0,1,0,0,0,0,1,1
0,0,0,0,1,0,0,1,0,0,1,1,0,0,0,0,0,0,1,1
1,1,0,0,0,0,0,0,1,0,0,0,0,0,1,0,0,1,0,1
0,0,0,0,1,0,1,1,0,0,1,1,0,0,0,0,0,0,1,0
0,0,0,0,1,0,1,0,0,1,1,1,0,0,0,0,0,0,1,0
1,0,0,1,0,0,0,0,1,1,0,1,0,0,1,0,0,0,0,0
1,0,0,0,0,0,0,1,1,1,0,1,0,0,1,0,0,0,0,0
0,1,0,0,1,1,0,0,1,1,0,0,0,0,0,0,1,0,0,0
1,1,0,1,0,0,0,0,1,0,0,0,0,0,1,0,0,0,0,1
0,1,0,0,1,0,0,0,0,1,1,0,0,1,0,0,0,0,1,0
1,1,0,0,0,0,0,0,1,0,0,0,0,0,1,1,0,0,0,1
1,1,0,0,0,1,0,0,1,1,0,0,0,0,1,0,0,0,0,0
1,1,0,1,0,0,0,0,1,1,0,0,0,0,1,0,0,0,0,0
1,1,0,0,0,0,0,0,1,0,0,0,0,0,1,0,0,1,0,1
1,0,0,0,0,1,0,0,1,1,0,1,0,0,1,0,0,0,0,0
0,1,0,1,1,0,0,0,1,1,1,0,0,0,0,0,0,0,0,0
0,1,0,0,1,1,0,0,1,1,1,0,0,0,0,0,0,0,0,0
1,1,0,0,0,0,0,0,1,0,0,0,0,0,1,0,0,1,0,1
0,0,0,0,1,0,0,0,0,1,1,1,0,1,0,0,0,0,1,0
0,0,0,0,1,0,0,0,0,0,1,1,0,0,0,1,0,0,1,1
0,0,0,0,1,0,0,1,0,1,1,1,0,0,0,0,0,0,1,0
1,0,0,0,0,0,0,0,1,0,0,1,0,0,1,0,0,1,0,1
0,0,0,0,0,0,1,1,0,1,0,1,0,0,1,0,0,0,1,0
0,0,0,0,1,0,0,1,0,0,1,1,0,0,0,0,0,0,1,1
1,0,0,0,0,0,0,1,1,1,0,1,0,0,1,0,0,0,0,0
1,0,0,0,0,0,0,0,0,1,0,1,0,1,1,0,0,0,1,0
1,1,0,0,0,0,0,0,1,1,0,0,0,0,1,0,1,0,0,0
0,0,0,0,0,0,1,0,0,0,0,1,0,0,1,0,0,1,1,1
0,0,0,1,0,0,1,0,0,1,0,1,0,0,1,0,0,0,1,0
1,1,0,0,0,0,0,0,1,1,0,0,0,0,1,0,0,1,0,0
0,0,0,0,1,1,0,0,0,1,1,1,0,0,0,0,0,0,1,0
1,0,0,0,0,0,1,0,1,1,0,1,0,0,1,0,0,0,0,0
0,0,0,0,1,1,0,0,0,0,1,1,0,0,0,0,0,0,1,1
1,0,0,0,0,0,1,0,0,1,0,1,0,0,1,0,0,0,1,0
1,0,0,0,0,0,0,0,0,1,0,1,0,0,1,1,0,0,1,0
1,0,0,0,0,0,0,1,1,1,0,1,0,0,1,0,0,0,0,0
1,1,0,0,0,1,0,0,1,1,0,0,0,0,1,0,0,0,0,0
0,0,0,0,0,1,1,0,0,1,0,1,0,0,1,0,0,0,1,0
0,0,0,0,0,1,1,0,0,1,1,1,0,0,0,0,0,0,1,0
1,0,0,1,0,0,0,0,1,0,0,1,0,0,1,0,0,0,0,1
0,0,0,0,0,0,1,1,0,0,0,1,0,0,1,0,0,0,1,1
1,1,0,0,0,0,0,1,1,1,0,0,0,0,1,0,0,0,0,0
0,0,0,0,1,0,0,0,0,1,1,1,0,1,0,0,0,0,1,0
0,0,0,0,1,0,0,0,0,1,1,1,0,0,0,0,0,1,1,0
1,0,0,0,0,0,1,0,1,0,0,1,0,0,1,0,0,0,0,1
0,0,0,0,0,0,1,0,0,1,1,1,0,0,0,1,0,0,1,0
1,0,0,1,0,0,0,0,1,1,0,1,0,0,1,0,0,0,0,0
1,0,0,0,0,0,0,1,1,0,0,1,0,0,1,0,0,0,0,1
1,0,1,0,0,0,0,0,1,1,0,1,0,0,1,0,0,0,0,0
0,0,0,0,1,0,0,0,0,1,1,1,0,1,0,0,0,0,1,0
1,0,0,0,0,0,0,1,1,1,0,1,0,0,1,0,0,0,0,0
1,0,0,0,0,0,0,0,0,1,0,1,0,0,1,0,1,0,1,0
1,0,0,0,0,0,0,1,0,1,0,1,0,0,1,0,0,0,1,0
1,0,0,0,0,0,0,1,0,1,0,1,0,0,1,0,0,0,1,0
1,0,0,0,0,0,0,0,0,1,0,1,0,1,1,0,0,0,1,0
